asset_id,taxonomy,lon,lat,no_damage,DS1,DS2,DS3,DS4,DS5
28,"pre1919rota",12.80194,42.52722,9.99999E-01,3.85624E-07,1.41959E-07,1.71177E-07,1.60954E-07,7.45606E-08
206,"post1981rota",12.80194,42.52722,1.00000E+00,1.46307E-07,1.83143E-08,1.86080E-08,1.72431E-08,5.77826E-09
33,"pre1919rota",12.83333,42.52778,9.99999E-01,4.04506E-07,1.49822E-07,1.81660E-07,1.72529E-07,8.15498E-08
211,"post1981rota",12.83333,42.52778,1.00000E+00,1.55810E-07,1.96599E-08,2.00522E-08,1.87107E-08,6.35683E-09
6,"pre1919rota",12.84333,42.58611,9.99999E-01,3.68369E-07,1.34850E-07,1.61781E-07,1.50724E-07,6.85463E-08
184,"post1981rota",12.84333,42.58611,1.00000E+00,1.37860E-07,1.71313E-08,1.73450E-08,1.59715E-08,5.28612E-09
41,"pre1919rota",12.85722,42.51583,9.99999E-01,4.28473E-07,1.59931E-07,1.95279E-07,1.87849E-07,9.12423E-08
219,"post1981rota",12.85722,42.51583,1.00000E+00,1.68333E-07,2.14635E-08,2.20048E-08,2.07283E-08,7.18375E-09
40,"pre1919rota",12.86306,42.40500,9.99999E-01,5.13438E-07,1.97032E-07,2.46661E-07,2.48186E-07,1.32228E-07
218,"post1981rota",12.86306,42.40500,1.00000E+00,2.16864E-07,2.86798E-08,2.99284E-08,2.91109E-08,1.07631E-08
38,"pre1919rota",12.88917,42.50306,9.99999E-01,4.60019E-07,1.73467E-07,2.13768E-07,2.09097E-07,1.05170E-07
216,"post1981rota",12.88917,42.50306,1.00000E+00,1.85554E-07,2.39837E-08,2.47526E-08,2.36012E-08,8.38565E-09
19,"pre1919rota",12.90500,42.46861,9.99999E-01,5.00357E-07,1.91183E-07,2.38411E-07,2.38226E-07,1.25159E-07
197,"post1981rota",12.90500,42.46861,1.00000E+00,2.08927E-07,2.74756E-08,2.85947E-08,2.76796E-08,1.01369E-08
42,"pre1919rota",12.92778,42.27722,9.99998E-01,6.48679E-07,2.61052E-07,3.40948E-07,3.69813E-07,2.29831E-07
220,"post1981rota",12.92778,42.27722,1.00000E+00,3.12710E-07,4.39769E-08,4.72738E-08,4.85075E-08,1.99780E-08
4,"pre1919rota",12.93444,42.71194,9.99999E-01,3.24408E-07,1.17057E-07,1.38601E-07,1.26057E-07,5.45634E-08
182,"post1981rota",12.93444,42.71194,1.00000E+00,1.17244E-07,1.42931E-08,1.43371E-08,1.29802E-08,4.15246E-09
22,"pre1919rota",12.94889,42.38778,9.99998E-01,6.06789E-07,2.40445E-07,3.09751E-07,3.27941E-07,1.94001E-07
200,"post1981rota",12.94889,42.38778,1.00000E+00,2.79897E-07,3.85915E-08,4.10921E-08,4.14523E-08,1.65017E-08
2,"pre1919rota",12.95417,42.65361,9.99999E-01,3.76629E-07,1.38244E-07,1.66258E-07,1.55582E-07,7.13867E-08
180,"post1981rota",12.95417,42.65361,1.00000E+00,1.41878E-07,1.76926E-08,1.79436E-08,1.65731E-08,5.51822E-09
29,"pre1919rota",12.96472,42.56500,9.99999E-01,4.56316E-07,1.71864E-07,2.11563E-07,2.06536E-07,1.03462E-07
207,"post1981rota",12.96472,42.56500,1.00000E+00,1.83487E-07,2.36787E-08,2.44189E-08,2.32504E-08,8.23741E-09
20,"pre1919rota",12.96500,42.21583,9.99998E-01,7.03773E-07,2.89524E-07,3.85563E-07,4.32698E-07,2.88357E-07
198,"post1981rota",12.96500,42.21583,9.99999E-01,3.61913E-07,5.23366E-08,5.70206E-08,5.99344E-08,2.59144E-08
30,"pre1919rota",12.96694,42.27389,9.99998E-01,6.95894E-07,2.85342E-07,3.78891E-07,4.23059E-07,2.78976E-07
208,"post1981rota",12.96694,42.27389,9.99999E-01,3.54362E-07,5.10306E-08,5.54853E-08,5.81082E-08,2.49362E-08
26,"pre1919rota",12.98694,42.32417,9.99998E-01,6.93926E-07,2.84304E-07,3.77242E-07,4.20688E-07,2.76689E-07
204,"post1981rota",12.98694,42.32417,9.99999E-01,3.52505E-07,5.07106E-08,5.51098E-08,5.76627E-08,2.46987E-08
15,"pre1919rota",12.99722,42.19722,9.99998E-01,7.41568E-07,3.10211E-07,4.19237E-07,4.82707E-07,3.39201E-07
193,"post1981rota",12.99722,42.19722,9.99999E-01,4.01141E-07,5.92436E-08,6.52039E-08,6.97957E-08,3.13201E-08
35,"pre1919rota",12.99861,42.19167,9.99998E-01,7.42462E-07,3.10714E-07,4.20070E-07,4.83975E-07,3.40538E-07
213,"post1981rota",12.99861,42.19167,9.99999E-01,4.02138E-07,5.94216E-08,6.54162E-08,7.00544E-08,3.14646E-08
1,"pre1919rota",13.01361,42.72056,9.99999E-01,3.47590E-07,1.26383E-07,1.50691E-07,1.38821E-07,6.17053E-08
179,"post1981rota",13.01361,42.72056,1.00000E+00,1.27957E-07,1.57593E-08,1.58868E-08,1.45146E-08,4.72958E-09
43,"pre1919rota",13.02028,42.24056,9.99998E-01,7.67764E-07,3.25282E-07,4.44550E-07,5.21888E-07,3.81667E-07
221,"post1981rota",13.02028,42.24056,9.99999E-01,4.31984E-07,6.48171E-08,7.18825E-08,7.79952E-08,3.59645E-08
21,"pre1919rota",13.02306,42.39472,9.99998E-01,6.72355E-07,2.73078E-07,3.59569E-07,3.95616E-07,2.53044E-07
199,"post1981rota",13.02306,42.39472,9.99999E-01,3.32877E-07,4.73589E-08,5.11923E-08,5.30488E-08,2.22755E-08
5,"pre1919rota",13.03944,42.88028,9.99999E-01,2.42235E-07,8.49761E-08,9.80460E-08,8.49952E-08,3.32822E-08
183,"post1981rota",13.03944,42.88028,1.00000E+00,8.19862E-08,9.62365E-09,9.47583E-09,8.29188E-09,2.47410E-09
25,"pre1919rota",13.03972,42.17722,9.99997E-01,7.87036E-07,3.36862E-07,4.64514E-07,5.53838E-07,4.18087E-07
203,"post1981rota",13.03972,42.17722,9.99999E-01,4.57245E-07,6.94750E-08,7.75128E-08,8.50074E-08,4.00374E-08
31,"pre1919rota",13.04611,42.22750,9.99997E-01,7.98694E-07,3.44116E-07,4.77272E-07,5.74764E-07,4.43010E-07
209,"post1981rota",13.04611,42.22750,9.99999E-01,4.73884E-07,7.25934E-08,8.13112E-08,8.98039E-08,4.29145E-08
24,"pre1919rota",13.04861,42.13833,9.99997E-01,7.81135E-07,3.33266E-07,4.58263E-07,5.43729E-07,4.06385E-07
202,"post1981rota",13.04861,42.13833,9.99999E-01,4.49240E-07,6.79899E-08,7.57129E-08,8.27561E-08,3.87200E-08
32,"pre1919rota",13.05556,42.45222,9.99998E-01,6.37663E-07,2.55554E-07,3.32539E-07,3.58363E-07,2.19808E-07
210,"post1981rota",13.05556,42.45222,1.00000E+00,3.03750E-07,4.24918E-08,4.55618E-08,4.65399E-08,1.89968E-08
18,"pre1919rota",13.05972,42.40750,9.99998E-01,6.91981E-07,2.83280E-07,3.75618E-07,4.18361E-07,2.74451E-07
196,"post1981rota",13.05972,42.40750,9.99999E-01,3.50682E-07,5.03969E-08,5.47418E-08,5.72266E-08,2.44666E-08
37,"pre1919rota",13.06861,42.29611,9.99997E-01,7.99901E-07,3.44880E-07,4.78627E-07,5.77012E-07,4.45738E-07
215,"post1981rota",13.06861,42.29611,9.99999E-01,4.75677E-07,7.29317E-08,8.17246E-08,9.03290E-08,4.32338E-08
34,"pre1919rota",13.07000,42.15833,9.99997E-01,8.12908E-07,3.53274E-07,4.93689E-07,6.02328E-07,4.77097E-07
212,"post1981rota",13.07000,42.15833,9.99999E-01,4.95919E-07,7.67819E-08,8.64457E-08,9.63599E-08,4.69377E-08
14,"pre1919rota",13.07944,42.41806,9.99998E-01,6.96886E-07,2.85866E-07,3.79725E-07,4.24258E-07,2.80136E-07
192,"post1981rota",13.07944,42.41806,9.99999E-01,3.55302E-07,5.11927E-08,5.56757E-08,5.83342E-08,2.50568E-08
8,"pre1919rota",13.08722,43.03667,1.00000E+00,1.69745E-07,5.79070E-08,6.51007E-08,5.37304E-08,1.89443E-08
186,"post1981rota",13.08722,43.03667,1.00000E+00,5.40107E-08,6.10348E-09,5.89778E-09,4.98424E-09,1.38349E-09
81,"pre1919rota",13.08806,42.10083,9.99997E-01,7.95668E-07,3.42213E-07,4.73906E-07,5.69203E-07,4.36296E-07
259,"post1981rota",13.08806,42.10083,9.99999E-01,4.69453E-07,7.17589E-08,8.02923E-08,8.85118E-08,4.21312E-08
10,"pre1919rota",13.08806,42.93222,1.00000E+00,2.20131E-07,7.66006E-08,8.77260E-08,7.50003E-08,2.85417E-08
188,"post1981rota",13.08806,42.93222,1.00000E+00,7.31765E-08,8.49793E-09,8.32368E-09,7.21432E-09,2.11152E-09
3,"pre1919rota",13.09389,42.79583,9.99999E-01,3.11153E-07,1.11779E-07,1.31818E-07,1.18994E-07,5.07003E-08
181,"post1981rota",13.09389,42.79583,1.00000E+00,1.11269E-07,1.34839E-08,1.34858E-08,1.21438E-08,3.84203E-09
39,"pre1919rota",13.09667,42.52611,9.99998E-01,5.87380E-07,2.31155E-07,2.95962E-07,3.09957E-07,1.79303E-07
217,"post1981rota",13.09667,42.52611,1.00000E+00,2.65752E-07,3.63158E-08,3.85024E-08,3.85388E-08,1.51015E-08
27,"pre1919rota",13.12639,42.26611,9.99997E-01,8.63684E-07,3.90894E-07,5.66003E-07,7.33972E-07,6.60641E-07
205,"post1981rota",13.12639,42.26611,9.99999E-01,6.03421E-07,9.81502E-08,1.13158E-07,1.31590E-07,6.98658E-08
16,"pre1919rota",13.13528,42.51389,9.99998E-01,6.29633E-07,2.51583E-07,3.26505E-07,3.50221E-07,2.12785E-07
194,"post1981rota",13.13528,42.51389,1.00000E+00,2.97374E-07,4.14416E-08,4.43545E-08,4.51585E-08,1.83132E-08
9,"pre1919rota",13.13861,42.94583,1.00000E+00,2.18782E-07,7.60927E-08,8.71038E-08,7.44033E-08,2.82628E-08
187,"post1981rota",13.13861,42.94583,1.00000E+00,7.26467E-08,8.43069E-09,8.25508E-09,7.15050E-09,2.09024E-09
36,"pre1919rota",13.14611,42.21056,9.99996E-01,8.81357E-07,4.09029E-07,6.05374E-07,8.14956E-07,7.94634E-07
214,"post1981rota",13.14611,42.21056,9.99999E-01,6.72280E-07,1.12691E-07,1.31827E-07,1.57348E-07,8.82189E-08
7,"pre1919rota",13.15500,42.89583,9.99999E-01,2.50715E-07,8.82173E-08,1.02069E-07,8.89378E-08,3.51883E-08
185,"post1981rota",13.15500,42.89583,1.00000E+00,8.54316E-08,1.00679E-08,9.93227E-09,8.72161E-09,2.62034E-09
23,"pre1919rota",13.16000,42.61917,9.99999E-01,5.09067E-07,1.95072E-07,2.43890E-07,2.44829E-07,1.29832E-07
201,"post1981rota",13.16000,42.61917,1.00000E+00,2.14191E-07,2.82733E-08,2.94777E-08,2.86263E-08,1.05504E-08
141,"pre1919rota",13.20750,42.10306,9.99997E-01,8.76285E-07,4.03062E-07,5.91915E-07,7.86315E-07,7.45152E-07
319,"post1981rota",13.20750,42.10306,9.99999E-01,6.47630E-07,1.07408E-07,1.25000E-07,1.47829E-07,8.13035E-08
69,"pre1919rota",13.23222,42.45972,9.99998E-01,7.66849E-07,3.24743E-07,4.43633E-07,5.20444E-07,3.80059E-07
247,"post1981rota",13.23222,42.45972,9.99999E-01,4.30844E-07,6.46090E-08,7.16320E-08,7.76852E-08,3.57866E-08
17,"pre1919rota",13.23556,42.19444,9.99996E-01,8.71048E-07,4.36475E-07,6.90689E-07,1.04170E-06,1.29430E-06
195,"post1981rota",13.23556,42.19444,9.99998E-01,8.84253E-07,1.61879E-07,1.97551E-07,2.54046E-07,1.65282E-07
111,"pre1919rota",13.24611,42.52444,9.99998E-01,6.79703E-07,2.76871E-07,3.65509E-07,4.03979E-07,2.60795E-07
289,"post1981rota",13.24611,42.52444,9.99999E-01,3.39416E-07,4.84685E-08,5.24851E-08,5.45621E-08,2.30582E-08
12,"pre1919rota",13.24806,42.69583,9.99999E-01,4.43581E-07,1.66380E-07,2.04052E-07,1.97866E-07,9.77389E-08
190,"post1981rota",13.24806,42.69583,1.00000E+00,1.76472E-07,2.26489E-08,2.32945E-08,2.20720E-08,7.74243E-09
151,"pre1919rota",13.25167,42.07028,9.99997E-01,8.73655E-07,4.00291E-07,5.85854E-07,7.73761E-07,7.24209E-07
329,"post1981rota",13.25167,42.07028,9.99999E-01,6.36933E-07,1.05142E-07,1.22088E-07,1.43803E-07,7.84236E-08
147,"pre1919rota",13.25583,42.37417,9.99997E-01,8.70732E-07,3.97384E-07,5.79603E-07,7.61021E-07,7.03397E-07
325,"post1981rota",13.25583,42.37417,9.99999E-01,6.26140E-07,1.02873E-07,1.19179E-07,1.39803E-07,7.55897E-08
79,"pre1919rota",13.28306,42.00667,9.99997E-01,8.50767E-07,3.80206E-07,5.44473E-07,6.92795E-07,5.99258E-07
257,"post1981rota",13.28306,42.00667,9.99999E-01,5.69318E-07,9.12024E-08,1.04380E-07,1.19813E-07,6.19666E-08
64,"pre1919rota",13.28361,42.45028,9.99997E-01,8.05542E-07,3.48481E-07,4.85050E-07,5.87732E-07,4.58876E-07
242,"post1981rota",13.28361,42.45028,9.99999E-01,4.84235E-07,7.45529E-08,8.37089E-08,9.28563E-08,4.47776E-08
13,"pre1919rota",13.28972,42.63028,9.99999E-01,5.36561E-07,2.07505E-07,2.61577E-07,2.66458E-07,1.45501E-07
191,"post1981rota",13.28972,42.63028,1.00000E+00,2.31364E-07,3.09028E-08,3.24020E-08,3.17856E-08,1.19483E-08
125,"pre1919rota",13.29556,42.43806,9.99997E-01,8.26058E-07,3.62127E-07,5.09930E-07,6.30355E-07,5.13203E-07
303,"post1981rota",13.29556,42.43806,9.99999E-01,5.18467E-07,8.11349E-08,9.18181E-08,1.03297E-07,5.12814E-08
11,"pre1919rota",13.29694,42.77333,9.99999E-01,3.66918E-07,1.34255E-07,1.60999E-07,1.49878E-07,6.80545E-08
189,"post1981rota",13.29694,42.77333,1.00000E+00,1.37159E-07,1.70337E-08,1.72410E-08,1.58672E-08,5.24600E-09
153,"pre1919rota",13.30194,42.29056,9.99996E-01,8.66386E-07,4.36746E-07,6.94737E-07,1.05711E-06,1.33837E-06
331,"post1981rota",13.30194,42.29056,9.99998E-01,9.00320E-07,1.65915E-07,2.03116E-07,2.62640E-07,1.72697E-07
77,"pre1919rota",13.30194,42.52222,9.99998E-01,7.03964E-07,2.89626E-07,3.85725E-07,4.32934E-07,2.88589E-07
255,"post1981rota",13.30194,42.52222,9.99999E-01,3.62098E-07,5.23687E-08,5.70583E-08,5.99793E-08,2.59386E-08
84,"pre1919rota",13.33528,41.98917,9.99997E-01,8.57413E-07,3.85553E-07,5.55123E-07,7.12924E-07,6.28777E-07
262,"post1981rota",13.33528,41.98917,9.99999E-01,5.85926E-07,9.45661E-08,1.08619E-07,1.25477E-07,6.57370E-08
107,"pre1919rota",13.33917,42.29194,9.99995E-01,8.46200E-07,4.35558E-07,7.05582E-07,1.10716E-06,1.49695E-06
285,"post1981rota",13.33917,42.29194,9.99998E-01,9.55152E-07,1.80082E-07,2.22874E-07,2.93692E-07,2.00281E-07
148,"pre1919rota",13.34278,42.06639,9.99996E-01,8.86296E-07,4.30992E-07,6.64405E-07,9.58660E-07,1.08457E-06
326,"post1981rota",13.34278,42.06639,9.99999E-01,8.02310E-07,1.42031E-07,1.70577E-07,2.13319E-07,1.31473E-07
108,"pre1919rota",13.36222,42.09444,9.99996E-01,8.65686E-07,4.36762E-07,6.95276E-07,1.05925E-06,1.34465E-06
286,"post1981rota",13.36222,42.09444,9.99998E-01,9.02579E-07,1.66486E-07,2.03906E-07,2.63866E-07,1.73763E-07
72,"pre1919rota",13.36889,42.56139,9.99998E-01,6.52479E-07,2.62962E-07,3.43885E-07,3.73842E-07,2.33398E-07
250,"post1981rota",13.36889,42.56139,1.00000E+00,3.15861E-07,4.45017E-08,4.78800E-08,4.92067E-08,2.03288E-08
76,"pre1919rota",13.38500,41.96611,9.99997E-01,8.45632E-07,3.76245E-07,5.36724E-07,6.78425E-07,5.78732E-07
254,"post1981rota",13.38500,41.96611,9.99999E-01,5.57530E-07,8.88377E-08,1.01413E-07,1.15875E-07,5.93762E-08
109,"pre1919rota",13.39472,42.10889,9.99995E-01,8.35469E-07,4.33998E-07,7.08716E-07,1.12724E-06,1.56896E-06
287,"post1981rota",13.39472,42.10889,9.99998E-01,9.78586E-07,1.86341E-07,2.31714E-07,3.07857E-07,2.13276E-07
104,"pre1919rota",13.39917,42.35250,9.99996E-01,8.84523E-07,4.32524E-07,6.70000E-07,9.74689E-07,1.12193E-06
282,"post1981rota",13.39917,42.35250,9.99999E-01,8.17607E-07,1.45648E-07,1.75443E-07,2.20552E-07,1.37315E-07
73,"pre1919rota",13.41167,41.94111,9.99997E-01,8.16717E-07,3.55797E-07,4.98277E-07,6.10167E-07,4.87047E-07
251,"post1981rota",13.41167,41.94111,9.99999E-01,5.02211E-07,7.79897E-08,8.79327E-08,9.82720E-08,4.81263E-08
91,"pre1919rota",13.42444,41.91444,9.99997E-01,7.77803E-07,3.31255E-07,4.54789E-07,5.38153E-07,4.00001E-07
269,"post1981rota",13.42444,41.91444,9.99999E-01,4.44829E-07,6.71752E-08,7.47275E-08,8.15273E-08,3.80048E-08
62,"pre1919rota",13.42750,42.03528,9.99996E-01,8.87943E-07,4.28482E-07,6.56119E-07,9.36000E-07,1.03390E-06
240,"post1981rota",13.42750,42.03528,9.99999E-01,7.81034E-07,1.37065E-07,1.63929E-07,2.03522E-07,1.23674E-07
112,"pre1919rota",13.45806,41.86528,9.99998E-01,6.97378E-07,2.86126E-07,3.80139E-07,4.24855E-07,2.80714E-07
290,"post1981rota",13.45806,41.86528,9.99999E-01,3.55769E-07,5.12734E-08,5.57704E-08,5.84467E-08,2.51170E-08
106,"pre1919rota",13.47028,41.96083,9.99997E-01,8.40195E-07,3.72184E-07,5.28892E-07,6.64121E-07,5.58738E-07
284,"post1981rota",13.47028,41.96083,9.99999E-01,5.45850E-07,8.65129E-08,9.85053E-08,1.12038E-07,5.68779E-08
89,"pre1919rota",13.47278,41.88667,9.99998E-01,7.30381E-07,3.03971E-07,4.08955E-07,4.67191E-07,3.23031E-07
267,"post1981rota",13.47278,41.88667,9.99999E-01,3.88958E-07,5.70765E-08,6.26250E-08,6.66654E-08,2.95821E-08
114,"pre1919rota",13.47556,42.28667,9.99996E-01,8.57466E-07,4.36589E-07,7.00570E-07,1.08181E-06,1.41338E-06
292,"post1981rota",13.47556,42.28667,9.99998E-01,9.26827E-07,1.72684E-07,2.12514E-07,2.77305E-07,1.85570E-07
161,"pre1919rota",13.47861,42.54861,9.99998E-01,6.61980E-07,2.67771E-07,3.51312E-07,3.84099E-07,2.42575E-07
339,"post1981rota",13.47861,42.54861,1.00000E+00,3.23879E-07,4.58432E-08,4.94327E-08,5.10032E-08,2.12351E-08
133,"pre1919rota",13.48889,42.23667,9.99995E-01,8.24889E-07,4.32059E-07,7.10667E-07,1.14422E-06,1.63485E-06
311,"post1981rota",13.48889,42.23667,9.99998E-01,9.99262E-07,1.91974E-07,2.39733E-07,3.20855E-07,2.25424E-07
99,"pre1919rota",13.48917,42.29417,9.99996E-01,8.69645E-07,4.36589E-07,6.91999E-07,1.04657E-06,1.30802E-06
277,"post1981rota",13.48917,42.29417,9.99998E-01,8.89293E-07,1.63140E-07,1.99286E-07,2.56719E-07,1.67578E-07
119,"pre1919rota",13.51472,42.13583,9.99995E-01,8.43059E-07,4.35151E-07,7.06640E-07,1.11339E-06,1.51866E-06
297,"post1981rota",13.51472,42.13583,9.99998E-01,9.62312E-07,1.81981E-07,2.25548E-07,2.97959E-07,2.04169E-07
134,"pre1919rota",13.52278,42.20611,9.99995E-01,8.27699E-07,4.32607E-07,7.10243E-07,1.13994E-06,1.61777E-06
312,"post1981rota",13.52278,42.20611,9.99998E-01,9.93971E-07,1.90522E-07,2.37660E-07,3.17482E-07,2.22251E-07
144,"pre1919rota",13.52417,41.83444,9.99998E-01,6.35840E-07,2.54650E-07,3.31162E-07,3.56499E-07,2.18193E-07
322,"post1981rota",13.52417,41.83444,1.00000E+00,3.02291E-07,4.22510E-08,4.52848E-08,4.62224E-08,1.88393E-08
142,"pre1919rota",13.52583,42.28917,9.99996E-01,8.79745E-07,4.34816E-07,6.79863E-07,1.00479E-06,1.19584E-06
320,"post1981rota",13.52583,42.28917,9.99998E-01,8.46953E-07,1.52698E-07,1.84991E-07,2.34890E-07,1.49104E-07
157,"pre1919rota",13.53861,42.27139,9.99996E-01,8.76732E-07,4.35626E-07,6.84281E-07,1.01925E-06,1.23330E-06
335,"post1981rota",13.53861,42.27139,9.99998E-01,8.61377E-07,1.56218E-07,1.89790E-07,2.42169E-07,1.55195E-07
126,"pre1919rota",13.54000,42.32194,9.99996E-01,8.88344E-07,4.22111E-07,6.37722E-07,8.89169E-07,9.35201E-07
304,"post1981rota",13.54000,42.32194,9.99999E-01,7.38008E-07,1.27216E-07,1.50845E-07,1.84449E-07,1.08707E-07
154,"pre1919rota",13.54056,41.96028,9.99997E-01,8.19186E-07,3.57449E-07,5.01299E-07,6.15363E-07,4.93705E-07
332,"post1981rota",13.54056,41.96028,9.99999E-01,5.06387E-07,7.87944E-08,8.89249E-08,9.95514E-08,4.89253E-08
87,"pre1919rota",13.54778,42.08583,9.99996E-01,8.86910E-07,4.30259E-07,6.61892E-07,9.51660E-07,1.06866E-06
265,"post1981rota",13.54778,42.08583,9.99999E-01,7.95695E-07,1.40479E-07,1.68495E-07,2.10240E-07,1.29008E-07
163,"pre1919rota",13.55278,42.52389,9.99998E-01,6.71655E-07,2.72718E-07,3.59006E-07,3.94828E-07,2.52321E-07
341,"post1981rota",13.55278,42.52389,1.00000E+00,3.32261E-07,4.72548E-08,5.10713E-08,5.29078E-08,2.22035E-08
139,"pre1919rota",13.55972,42.29222,9.99996E-01,8.88160E-07,4.27922E-07,6.54376E-07,9.31377E-07,1.02386E-06
317,"post1981rota",13.55972,42.29222,9.99999E-01,7.76740E-07,1.36071E-07,1.62604E-07,2.01580E-07,1.22145E-07
63,"pre1919rota",13.56139,41.81083,9.99998E-01,5.89145E-07,2.31994E-07,2.97200E-07,3.11559E-07,1.80596E-07
241,"post1981rota",13.56139,41.81083,1.00000E+00,2.67014E-07,3.65176E-08,3.87316E-08,3.87956E-08,1.52240E-08
97,"pre1919rota",13.57639,42.25500,9.99996E-01,8.84726E-07,4.32378E-07,6.69444E-07,9.73063E-07,1.11808E-06
275,"post1981rota",13.57639,42.25500,9.99999E-01,8.16046E-07,1.45277E-07,1.74943E-07,2.19806E-07,1.36709E-07
94,"pre1919rota",13.58389,41.88750,9.99998E-01,6.94587E-07,2.84652E-07,3.77795E-07,4.21482E-07,2.77454E-07
272,"post1981rota",13.58389,41.88750,9.99999E-01,3.53127E-07,5.08178E-08,5.52355E-08,5.78118E-08,2.47781E-08
59,"pre1919rota",13.59139,42.08194,9.99996E-01,8.86396E-07,4.16815E-07,6.24016E-07,8.56660E-07,8.71264E-07
237,"post1981rota",13.59139,42.08194,9.99999E-01,7.08853E-07,1.20693E-07,1.42260E-07,1.72110E-07,9.92343E-08
65,"pre1919rota",13.59167,42.32806,9.99997E-01,8.74925E-07,4.01608E-07,5.88722E-07,7.79675E-07,7.34020E-07
243,"post1981rota",13.59167,42.32806,9.99999E-01,6.41964E-07,1.06206E-07,1.23454E-07,1.45689E-07,7.97693E-08
88,"pre1919rota",13.60194,42.06639,9.99997E-01,8.78204E-07,4.05202E-07,5.96674E-07,7.96316E-07,7.62157E-07
266,"post1981rota",13.60194,42.06639,9.99999E-01,6.56198E-07,1.09234E-07,1.27354E-07,1.51100E-07,8.36625E-08
98,"pre1919rota",13.60583,42.23056,9.99996E-01,8.86402E-07,4.30876E-07,6.64000E-07,9.57524E-07,1.08197E-06
276,"post1981rota",13.60583,42.23056,9.99999E-01,8.01234E-07,1.41778E-07,1.70237E-07,2.12816E-07,1.31069E-07
127,"pre1919rota",13.61139,42.27778,9.99996E-01,8.85482E-07,4.15112E-07,6.19810E-07,8.47020E-07,8.53037E-07
305,"post1981rota",13.61139,42.27778,9.99999E-01,7.00321E-07,1.18809E-07,1.39793E-07,1.68596E-07,9.65807E-08
56,"pre1919rota",13.61583,41.71944,9.99999E-01,4.51900E-07,1.69957E-07,2.08946E-07,2.03506E-07,1.01451E-07
234,"post1981rota",13.61583,41.71944,1.00000E+00,1.81038E-07,2.33184E-08,2.40251E-08,2.28369E-08,8.06320E-09
137,"pre1919rota",13.62444,42.00667,9.99997E-01,8.20566E-07,3.58379E-07,5.03006E-07,6.18311E-07,4.97504E-07
315,"post1981rota",13.62444,42.00667,9.99999E-01,5.08759E-07,7.92523E-08,8.94901E-08,1.00281E-07,4.93825E-08
158,"pre1919rota",13.62556,41.86806,9.99998E-01,6.43954E-07,2.58687E-07,3.37323E-07,3.64861E-07,2.25476E-07
336,"post1981rota",13.62556,41.86806,1.00000E+00,3.08836E-07,4.33335E-08,4.65314E-08,4.76531E-08,1.95508E-08
93,"pre1919rota",13.62694,42.06194,9.99997E-01,8.65054E-07,3.92109E-07,5.68515E-07,7.38905E-07,6.68278E-07
271,"post1981rota",13.62694,42.06194,9.99999E-01,6.07543E-07,9.90011E-08,1.14239E-07,1.33056E-07,7.08710E-08
152,"pre1919rota",13.63500,42.20500,9.99996E-01,8.88614E-07,4.25773E-07,6.47950E-07,9.14699E-07,9.88308E-07
330,"post1981rota",13.63500,42.20500,9.99999E-01,7.61361E-07,1.32536E-07,1.57901E-07,1.94716E-07,1.16768E-07
143,"pre1919rota",13.64472,42.34472,9.99997E-01,8.32268E-07,3.66466E-07,5.18039E-07,6.44651E-07,5.32203E-07
321,"post1981rota",13.64472,42.34472,9.99999E-01,5.30029E-07,8.33935E-08,9.46199E-08,1.06945E-07,5.36008E-08
45,"pre1919rota",13.64500,41.71167,9.99999E-01,4.34408E-07,1.62457E-07,1.98707E-07,1.91749E-07,9.37572E-08
223,"post1981rota",13.64500,41.71167,1.00000E+00,1.71507E-07,2.19245E-08,2.25058E-08,2.12492E-08,7.39961E-09
118,"pre1919rota",13.64500,41.95583,9.99998E-01,7.48797E-07,3.14302E-07,4.26039E-07,4.93097E-07,3.50231E-07
296,"post1981rota",13.64500,41.95583,9.99999E-01,4.09308E-07,6.07071E-08,6.69513E-08,7.19282E-08,3.25153E-08
51,"pre1919rota",13.65639,41.74972,9.99999E-01,4.73998E-07,1.79553E-07,2.22176E-07,2.18932E-07,1.11804E-07
229,"post1981rota",13.65639,41.74972,1.00000E+00,1.93474E-07,2.51578E-08,2.60400E-08,2.49602E-08,8.96355E-09
140,"pre1919rota",13.65778,42.28694,9.99997E-01,8.62044E-07,3.89464E-07,5.63064E-07,7.28236E-07,6.51854E-07
318,"post1981rota",13.65778,42.28694,9.99999E-01,5.98640E-07,9.71665E-08,1.11910E-07,1.29904E-07,6.87211E-08
162,"pre1919rota",13.66194,42.50306,9.99998E-01,6.31374E-07,2.52442E-07,3.27807E-07,3.51973E-07,2.14288E-07
340,"post1981rota",13.66194,42.50306,1.00000E+00,2.98746E-07,4.16672E-08,4.46135E-08,4.54545E-08,1.84593E-08
122,"pre1919rota",13.66333,42.02806,9.99997E-01,8.12965E-07,3.53311E-07,4.93756E-07,6.02443E-07,4.77243E-07
300,"post1981rota",13.66333,42.02806,9.99999E-01,4.96012E-07,7.67996E-08,8.64675E-08,9.63878E-08,4.69550E-08
78,"pre1919rota",13.67444,42.25111,9.99997E-01,8.70091E-07,3.96766E-07,5.78287E-07,7.58366E-07,6.99114E-07
256,"post1981rota",13.67444,42.25111,9.99999E-01,6.23899E-07,1.02404E-07,1.18579E-07,1.38980E-07,7.50099E-08
49,"pre1919rota",13.67611,41.67139,9.99999E-01,3.83337E-07,1.41013E-07,1.69922E-07,1.59580E-07,7.37455E-08
227,"post1981rota",13.67611,41.67139,1.00000E+00,1.45176E-07,1.81552E-08,1.84378E-08,1.70713E-08,5.71141E-09
46,"pre1919rota",13.67861,41.73889,9.99999E-01,4.53103E-07,1.70476E-07,2.09658E-07,2.04328E-07,1.01996E-07
224,"post1981rota",13.67861,41.73889,1.00000E+00,1.81703E-07,2.34161E-08,2.41319E-08,2.29490E-08,8.11036E-09
149,"pre1919rota",13.67972,42.15667,9.99997E-01,8.77169E-07,4.04034E-07,5.94067E-07,7.90820E-07,7.52777E-07
327,"post1981rota",13.67972,42.15667,9.99999E-01,6.51484E-07,1.08228E-07,1.26057E-07,1.49296E-07,8.23589E-08
80,"pre1919rota",13.68500,42.30028,9.99997E-01,8.34363E-07,3.67956E-07,5.20848E-07,6.49653E-07,5.38946E-07
258,"post1981rota",13.68500,42.30028,9.99999E-01,5.34085E-07,8.41899E-08,9.56102E-08,1.08239E-07,5.44293E-08
105,"pre1919rota",13.68722,41.93583,9.99998E-01,6.90309E-07,2.82402E-07,3.74227E-07,4.16371E-07,2.72544E-07
283,"post1981rota",13.68722,41.93583,9.99999E-01,3.49123E-07,5.01290E-08,5.44278E-08,5.68548E-08,2.42692E-08
85,"pre1919rota",13.68889,42.31139,9.99997E-01,8.22766E-07,3.59871E-07,5.05754E-07,6.23073E-07,5.03678E-07
263,"post1981rota",13.68889,42.31139,9.99999E-01,5.12594E-07,7.99945E-08,9.04071E-08,1.01467E-07,5.01274E-08
101,"pre1919rota",13.69389,41.95556,9.99998E-01,7.07592E-07,2.91566E-07,3.88836E-07,4.37458E-07,2.93040E-07
279,"post1981rota",13.69389,41.95556,9.99999E-01,3.65643E-07,5.29845E-08,5.77837E-08,6.08450E-08,2.64049E-08
70,"pre1919rota",13.69611,42.32694,9.99997E-01,8.03916E-07,3.47437E-07,4.83183E-07,5.84603E-07,4.55020E-07
248,"post1981rota",13.69611,42.32694,9.99999E-01,4.81736E-07,7.40784E-08,8.31275E-08,9.21147E-08,4.43233E-08
53,"pre1919rota",13.69778,41.69583,9.99999E-01,4.00778E-07,1.48263E-07,1.79574E-07,1.70207E-07,8.01067E-08
231,"post1981rota",13.69778,41.69583,1.00000E+00,1.53903E-07,1.93875E-08,1.97583E-08,1.84089E-08,6.23441E-09
100,"pre1919rota",13.70222,42.12694,9.99997E-01,8.55650E-07,3.84107E-07,5.52220E-07,7.07392E-07,6.20573E-07
278,"post1981rota",13.70222,42.12694,9.99999E-01,5.81350E-07,9.36356E-08,1.07444E-07,1.23903E-07,6.46838E-08
48,"pre1919rota",13.71250,41.63250,9.99999E-01,3.37993E-07,1.22507E-07,1.45650E-07,1.33472E-07,5.86876E-08
226,"post1981rota",13.71250,41.63250,1.00000E+00,1.23480E-07,1.51442E-08,1.52357E-08,1.38680E-08,4.48523E-09
57,"pre1919rota",13.71389,41.68278,9.99999E-01,3.82758E-07,1.40773E-07,1.69604E-07,1.59233E-07,7.35399E-08
235,"post1981rota",13.71389,41.68278,1.00000E+00,1.44890E-07,1.81150E-08,1.83948E-08,1.70279E-08,5.69455E-09
58,"pre1919rota",13.71750,42.17722,9.99997E-01,8.54097E-07,3.82850E-07,5.49711E-07,7.02639E-07,6.13580E-07
236,"post1981rota",13.71750,42.17722,9.99999E-01,5.77426E-07,9.28398E-08,1.06441E-07,1.22561E-07,6.37893E-08
47,"pre1919rota",13.72583,41.62278,9.99999E-01,3.26437E-07,1.17868E-07,1.39647E-07,1.27153E-07,5.51687E-08
225,"post1981rota",13.72583,41.62278,1.00000E+00,1.18168E-07,1.44188E-08,1.44696E-08,1.31108E-08,4.20121E-09
82,"pre1919rota",13.72667,42.36500,9.99998E-01,7.41091E-07,3.09943E-07,4.18792E-07,4.82032E-07,3.38490E-07
260,"post1981rota",13.72667,42.36500,9.99999E-01,4.00611E-07,5.91488E-08,6.50909E-08,6.96582E-08,3.12433E-08
117,"pre1919rota",13.72861,41.99889,9.99998E-01,7.27596E-07,3.02434E-07,4.06440E-07,4.63429E-07,3.19164E-07
295,"post1981rota",13.72861,41.99889,9.99999E-01,3.86006E-07,5.65544E-08,6.20052E-08,6.59161E-08,2.91691E-08
113,"pre1919rota",13.72944,42.23917,9.99997E-01,8.33594E-07,3.67407E-07,5.19812E-07,6.47806E-07,5.36450E-07
291,"post1981rota",13.72944,42.23917,9.99999E-01,5.32587E-07,8.38955E-08,9.52440E-08,1.07760E-07,5.41224E-08
86,"pre1919rota",13.73278,42.12972,9.99997E-01,8.30884E-07,3.65489E-07,5.16203E-07,6.41397E-07,5.27842E-07
264,"post1981rota",13.73278,42.12972,9.99999E-01,5.27393E-07,8.28770E-08,9.39783E-08,1.06108E-07,5.30664E-08
110,"pre1919rota",13.73528,42.14833,9.99997E-01,8.34382E-07,3.67970E-07,5.20874E-07,6.49700E-07,5.39010E-07
288,"post1981rota",13.73528,42.14833,9.99999E-01,5.34123E-07,8.41975E-08,9.56196E-08,1.08252E-07,5.44372E-08
44,"pre1919rota",13.74194,41.68861,9.99999E-01,3.78679E-07,1.39089E-07,1.67375E-07,1.56798E-07,7.21024E-08
222,"post1981rota",13.74194,41.68861,1.00000E+00,1.42882E-07,1.78333E-08,1.80938E-08,1.67244E-08,5.57680E-09
83,"pre1919rota",13.74361,42.11611,9.99997E-01,8.14651E-07,3.54424E-07,4.95777E-07,6.05887E-07,4.81601E-07
261,"post1981rota",13.74361,42.11611,9.99999E-01,4.98775E-07,7.73295E-08,8.71194E-08,9.72255E-08,4.74750E-08
67,"pre1919rota",13.75667,41.92306,9.99998E-01,6.17124E-07,2.45456E-07,3.17258E-07,3.37865E-07,2.02289E-07
245,"post1981rota",13.75667,41.92306,1.00000E+00,2.87687E-07,3.98567E-08,4.25378E-08,4.30898E-08,1.72980E-08
115,"pre1919rota",13.75944,42.32778,9.99998E-01,7.43676E-07,3.11399E-07,4.21207E-07,4.85707E-07,3.42368E-07
293,"post1981rota",13.75944,42.32778,9.99999E-01,4.03498E-07,5.96650E-08,6.57066E-08,7.04083E-08,3.16625E-08
75,"pre1919rota",13.76889,42.26861,9.99997E-01,7.79773E-07,3.32442E-07,4.56837E-07,5.41438E-07,4.03756E-07
253,"post1981rota",13.76889,42.26861,9.99999E-01,4.47427E-07,6.76548E-08,7.53074E-08,8.22501E-08,3.84251E-08
138,"pre1919rota",13.77167,42.18500,9.99997E-01,8.01841E-07,3.46112E-07,4.80819E-07,5.80657E-07,4.50182E-07
316,"post1981rota",13.77167,42.18500,9.99999E-01,4.78585E-07,7.34815E-08,8.23969E-08,9.11840E-08,4.37547E-08
102,"pre1919rota",13.77500,42.08222,9.99998E-01,7.62230E-07,3.22040E-07,4.39043E-07,5.13243E-07,3.72091E-07
280,"post1981rota",13.77500,42.08222,9.99999E-01,4.25167E-07,6.35744E-08,7.03878E-08,7.61487E-08,3.49073E-08
92,"pre1919rota",13.77639,42.03167,9.99998E-01,7.18862E-07,2.97652E-07,3.98656E-07,4.51869E-07,3.07414E-07
270,"post1981rota",13.77639,42.03167,9.99999E-01,3.76939E-07,5.49580E-08,6.01139E-08,6.36371E-08,2.79201E-08
156,"pre1919rota",13.77639,42.33333,9.99998E-01,7.21835E-07,2.99273E-07,4.01287E-07,4.55763E-07,3.11350E-07
334,"post1981rota",13.77639,42.33333,9.99999E-01,3.79993E-07,5.54944E-08,6.07488E-08,6.44009E-08,2.83374E-08
95,"pre1919rota",13.77917,42.22306,9.99997E-01,7.88250E-07,3.37608E-07,4.65817E-07,5.55957E-07,4.20562E-07
273,"post1981rota",13.77917,42.22306,9.99999E-01,4.58924E-07,6.97877E-08,7.78923E-08,8.54833E-08,4.03170E-08
121,"pre1919rota",13.78944,41.81111,9.99999E-01,4.75472E-07,1.80198E-07,2.23071E-07,2.19984E-07,1.12521E-07
299,"post1981rota",13.78944,41.81111,1.00000E+00,1.94320E-07,2.52838E-08,2.61784E-08,2.51067E-08,9.02621E-09
50,"pre1919rota",13.79861,41.66056,9.99999E-01,3.35167E-07,1.21370E-07,1.44175E-07,1.31914E-07,5.78157E-08
228,"post1981rota",13.79861,41.66056,1.00000E+00,1.22173E-07,1.49653E-08,1.50465E-08,1.36807E-08,4.41476E-09
61,"pre1919rota",13.80444,41.99361,9.99998E-01,6.54074E-07,2.63766E-07,3.45123E-07,3.75545E-07,2.34912E-07
239,"post1981rota",13.80444,41.99361,1.00000E+00,3.17193E-07,4.47239E-08,4.81370E-08,4.95034E-08,2.04780E-08
54,"pre1919rota",13.81306,41.70917,9.99999E-01,3.69453E-07,1.35294E-07,1.62366E-07,1.51357E-07,6.89149E-08
232,"post1981rota",13.81306,41.70917,1.00000E+00,1.38384E-07,1.72044E-08,1.74229E-08,1.60497E-08,5.31621E-09
130,"pre1919rota",13.81361,42.10361,9.99998E-01,7.32487E-07,3.05138E-07,4.10869E-07,4.70063E-07,3.25997E-07
308,"post1981rota",13.81361,42.10361,9.99999E-01,3.91212E-07,5.74760E-08,6.30996E-08,6.72400E-08,2.98996E-08
160,"pre1919rota",13.81639,42.12556,9.99998E-01,7.39170E-07,3.08864E-07,4.17008E-07,4.79326E-07,3.35646E-07
338,"post1981rota",13.81639,42.12556,9.99999E-01,3.98485E-07,5.87694E-08,6.46387E-08,6.91079E-08,3.09365E-08
170,"pre1919rota",13.82417,42.44167,9.99998E-01,5.76043E-07,2.25797E-07,2.88083E-07,2.99822E-07,1.71202E-07
348,"post1981rota",13.82417,42.44167,1.00000E+00,2.57763E-07,3.50428E-08,3.70600E-08,3.69275E-08,1.43365E-08
165,"pre1919rota",13.82944,42.21250,9.99998E-01,7.32281E-07,3.05023E-07,4.10682E-07,4.69781E-07,3.25705E-07
343,"post1981rota",13.82944,42.21250,9.99999E-01,3.90991E-07,5.74367E-08,6.30530E-08,6.71834E-08,2.98684E-08
116,"pre1919rota",13.83028,41.78250,9.99999E-01,4.24905E-07,1.58417E-07,1.93229E-07,1.85525E-07,8.97528E-08
294,"post1981rota",13.83028,41.78250,1.00000E+00,1.66439E-07,2.11891E-08,2.17070E-08,2.04193E-08,7.05614E-09
172,"pre1919rota",13.83500,42.17139,9.99998E-01,7.27636E-07,3.02456E-07,4.06475E-07,4.63482E-07,3.19219E-07
350,"post1981rota",13.83500,42.17139,9.99999E-01,3.86048E-07,5.65618E-08,6.20140E-08,6.59267E-08,2.91749E-08
129,"pre1919rota",13.83639,42.05917,9.99998E-01,6.79274E-07,2.76649E-07,3.65160E-07,4.03486E-07,2.60332E-07
307,"post1981rota",13.83639,42.05917,9.99999E-01,3.39030E-07,4.84027E-08,5.24082E-08,5.44717E-08,2.30107E-08
155,"pre1919rota",13.83722,41.93694,9.99998E-01,5.67072E-07,2.21593E-07,2.81937E-07,2.91985E-07,1.65028E-07
333,"post1981rota",13.83722,41.93694,1.00000E+00,2.51576E-07,3.40632E-08,3.59531E-08,3.56965E-08,1.37568E-08
96,"pre1919rota",13.84222,42.12528,9.99998E-01,7.08663E-07,2.92140E-07,3.89758E-07,4.38804E-07,2.94370E-07
274,"post1981rota",13.84222,42.12528,9.99999E-01,3.66698E-07,5.31681E-08,5.80001E-08,6.11035E-08,2.65445E-08
55,"pre1919rota",13.85028,41.67139,9.99999E-01,3.25258E-07,1.17396E-07,1.39039E-07,1.26515E-07,5.48164E-08
233,"post1981rota",13.85028,41.67139,1.00000E+00,1.17630E-07,1.43457E-08,1.43925E-08,1.30348E-08,4.17283E-09
68,"pre1919rota",13.86222,42.02306,9.99998E-01,6.24548E-07,2.49084E-07,3.22724E-07,3.45152E-07,2.08455E-07
246,"post1981rota",13.86222,42.02306,1.00000E+00,2.93401E-07,4.07901E-08,4.36068E-08,4.43057E-08,1.78935E-08
167,"pre1919rota",13.86222,42.33333,9.99998E-01,6.34077E-07,2.53777E-07,3.29835E-07,3.54706E-07,2.16643E-07
345,"post1981rota",13.86222,42.33333,1.00000E+00,3.00887E-07,4.20195E-08,4.50185E-08,4.59176E-08,1.86883E-08
164,"pre1919rota",13.86250,42.31861,9.99998E-01,6.44541E-07,2.58980E-07,3.37771E-07,3.65473E-07,2.26012E-07
342,"post1981rota",13.86250,42.31861,1.00000E+00,3.09315E-07,4.34129E-08,4.66230E-08,4.77583E-08,1.96034E-08
52,"pre1919rota",13.86722,41.64694,9.99999E-01,3.02038E-07,1.08173E-07,1.27208E-07,1.14235E-07,4.81337E-08
230,"post1981rota",13.86722,41.64694,1.00000E+00,1.07223E-07,1.29395E-08,1.29147E-08,1.15854E-08,3.63648E-09
169,"pre1919rota",13.87417,42.27583,9.99998E-01,6.57390E-07,2.65442E-07,3.47709E-07,3.79110E-07,2.38094E-07
347,"post1981rota",13.87417,42.27583,1.00000E+00,3.19980E-07,4.51897E-08,4.86759E-08,5.01265E-08,2.07919E-08
128,"pre1919rota",13.87611,42.10028,9.99998E-01,6.58690E-07,2.66101E-07,3.48727E-07,3.80517E-07,2.39354E-07
306,"post1981rota",13.87611,42.10028,1.00000E+00,3.21079E-07,4.53738E-08,4.88890E-08,5.03732E-08,2.09164E-08
145,"pre1919rota",13.88278,41.90472,9.99999E-01,5.00732E-07,1.91350E-07,2.38646E-07,2.38508E-07,1.25358E-07
323,"post1981rota",13.88278,41.90472,1.00000E+00,2.09152E-07,2.75097E-08,2.86323E-08,2.77199E-08,1.01544E-08
171,"pre1919rota",13.88639,42.25472,9.99998E-01,6.52526E-07,2.62986E-07,3.43921E-07,3.73892E-07,2.33442E-07
349,"post1981rota",13.88639,42.25472,1.00000E+00,3.15900E-07,4.45082E-08,4.78876E-08,4.92154E-08,2.03332E-08
132,"pre1919rota",13.88694,42.12583,9.99998E-01,6.55954E-07,2.64716E-07,3.46587E-07,3.77563E-07,2.36711E-07
310,"post1981rota",13.88694,42.12583,1.00000E+00,3.18770E-07,4.49874E-08,4.84418E-08,4.98557E-08,2.06554E-08
168,"pre1919rota",13.89750,42.23667,9.99998E-01,6.45428E-07,2.59423E-07,3.38450E-07,3.66399E-07,2.26825E-07
346,"post1981rota",13.89750,42.23667,1.00000E+00,3.10040E-07,4.35331E-08,4.67616E-08,4.79178E-08,1.96830E-08
103,"pre1919rota",13.89972,42.00917,9.99998E-01,5.76587E-07,2.26053E-07,2.88459E-07,3.00302E-07,1.71583E-07
281,"post1981rota",13.89972,42.00917,1.00000E+00,2.58142E-07,3.51030E-08,3.71281E-08,3.70034E-08,1.43724E-08
175,"pre1919rota",13.91361,42.21472,9.99998E-01,6.31209E-07,2.52360E-07,3.27683E-07,3.51806E-07,2.14145E-07
353,"post1981rota",13.91361,42.21472,1.00000E+00,2.98615E-07,4.16456E-08,4.45888E-08,4.54262E-08,1.84454E-08
150,"pre1919rota",13.92472,42.05028,9.99998E-01,5.79001E-07,2.27191E-07,2.90127E-07,3.02441E-07,1.73283E-07
328,"post1981rota",13.92472,42.05028,1.00000E+00,2.59829E-07,3.53712E-08,3.74316E-08,3.73418E-08,1.45325E-08
159,"pre1919rota",13.93556,41.77778,9.99999E-01,3.63853E-07,1.33001E-07,1.59350E-07,1.48099E-07,6.70228E-08
337,"post1981rota",13.93556,41.77778,1.00000E+00,1.35683E-07,1.68283E-08,1.70223E-08,1.56480E-08,5.16187E-09
90,"pre1919rota",13.94250,41.76722,9.99999E-01,3.53005E-07,1.28579E-07,1.53558E-07,1.41880E-07,6.34469E-08
268,"post1981rota",13.94250,41.76722,1.00000E+00,1.30510E-07,1.61114E-08,1.62604E-08,1.48866E-08,4.87094E-09
124,"pre1919rota",13.96083,41.97556,9.99999E-01,4.96610E-07,1.89517E-07,2.36072E-07,2.35421E-07,1.23190E-07
302,"post1981rota",13.96083,41.97556,1.00000E+00,2.06687E-07,2.71375E-08,2.82209E-08,2.72799E-08,9.96306E-09
173,"pre1919rota",13.96222,42.17833,9.99998E-01,5.77560E-07,2.26512E-07,2.89130E-07,3.01163E-07,1.72267E-07
351,"post1981rota",13.96222,42.17833,1.00000E+00,2.58821E-07,3.52109E-08,3.72502E-08,3.71395E-08,1.44367E-08
135,"pre1919rota",13.97750,41.93389,9.99999E-01,4.54156E-07,1.70930E-07,2.10281E-07,2.05050E-07,1.02475E-07
313,"post1981rota",13.97750,41.93389,1.00000E+00,1.82287E-07,2.35020E-08,2.42257E-08,2.30474E-08,8.15183E-09
66,"pre1919rota",13.99056,41.75972,9.99999E-01,3.24804E-07,1.17215E-07,1.38805E-07,1.26270E-07,5.46812E-08
244,"post1981rota",13.99056,41.75972,1.00000E+00,1.17424E-07,1.43176E-08,1.43629E-08,1.30056E-08,4.16194E-09
120,"pre1919rota",13.99389,42.05222,9.99999E-01,5.10899E-07,1.95893E-07,2.45050E-07,2.46232E-07,1.30832E-07
298,"post1981rota",13.99389,42.05222,1.00000E+00,2.15309E-07,2.84431E-08,2.96660E-08,2.88286E-08,1.06391E-08
166,"pre1919rota",14.00083,42.15944,9.99999E-01,5.34455E-07,2.06544E-07,2.60200E-07,2.64758E-07,1.44249E-07
344,"post1981rota",14.00083,42.15944,1.00000E+00,2.30018E-07,3.06951E-08,3.21703E-08,3.15340E-08,1.18360E-08
74,"pre1919rota",14.01333,42.00583,9.99999E-01,4.70043E-07,1.77825E-07,2.19783E-07,2.16122E-07,1.09897E-07
252,"post1981rota",14.01333,42.00583,1.00000E+00,1.91214E-07,2.48219E-08,2.56712E-08,2.45701E-08,8.79707E-09
174,"pre1919rota",14.02889,42.12667,9.99999E-01,5.00965E-07,1.91454E-07,2.38792E-07,2.38683E-07,1.25481E-07
352,"post1981rota",14.02889,42.12667,1.00000E+00,2.09291E-07,2.75308E-08,2.86557E-08,2.77449E-08,1.01653E-08
60,"pre1919rota",14.03333,41.73556,9.99999E-01,2.91835E-07,1.04159E-07,1.22099E-07,1.08999E-07,4.53446E-08
238,"post1981rota",14.03333,41.73556,1.00000E+00,1.02753E-07,1.23413E-08,1.22887E-08,1.09759E-08,3.41379E-09
146,"pre1919rota",14.04028,41.74750,9.99999E-01,2.95616E-07,1.05644E-07,1.23986E-07,1.10928E-07,4.63679E-08
324,"post1981rota",14.04028,41.74750,1.00000E+00,1.04402E-07,1.25616E-08,1.25190E-08,1.11998E-08,3.49542E-09
71,"pre1919rota",14.04500,42.01250,9.99999E-01,4.46630E-07,1.67689E-07,2.05840E-07,1.99922E-07,9.90878E-08
249,"post1981rota",14.04500,42.01250,1.00000E+00,1.78138E-07,2.28928E-08,2.35605E-08,2.23502E-08,7.85886E-09
123,"pre1919rota",14.06528,41.89056,9.99999E-01,3.66882E-07,1.34240E-07,1.60979E-07,1.49857E-07,6.80423E-08
301,"post1981rota",14.06528,41.89056,1.00000E+00,1.37141E-07,1.70313E-08,1.72384E-08,1.58646E-08,5.24500E-09
131,"pre1919rota",14.06806,41.87139,9.99999E-01,3.54303E-07,1.29107E-07,1.54247E-07,1.42618E-07,6.38687E-08
309,"post1981rota",14.06806,41.87139,1.00000E+00,1.31125E-07,1.61964E-08,1.63506E-08,1.49766E-08,4.90520E-09
136,"pre1919rota",14.08056,41.84889,9.99999E-01,3.34677E-07,1.21173E-07,1.43920E-07,1.31645E-07,5.76653E-08
314,"post1981rota",14.08056,41.84889,1.00000E+00,1.21947E-07,1.49344E-08,1.50139E-08,1.36484E-08,4.40261E-09
177,"pre1919rota",14.13861,41.98500,9.99999E-01,3.64316E-07,1.33190E-07,1.59598E-07,1.48367E-07,6.71780E-08
355,"post1981rota",14.13861,41.98500,1.00000E+00,1.35905E-07,1.68593E-08,1.70553E-08,1.56810E-08,5.17452E-09
176,"pre1919rota",14.16000,42.00444,9.99999E-01,3.56729E-07,1.30094E-07,1.55539E-07,1.44001E-07,6.46614E-08
354,"post1981rota",14.16000,42.00444,1.00000E+00,1.32277E-07,1.63558E-08,1.65199E-08,1.51456E-08,4.96963E-09
178,"pre1919rota",14.17222,42.02139,9.99999E-01,3.53776E-07,1.28893E-07,1.53967E-07,1.42318E-07,6.36972E-08
356,"post1981rota",14.17222,42.02139,1.00000E+00,1.30875E-07,1.61619E-08,1.63139E-08,1.49400E-08,4.89127E-09
