#,,,,,,,,,,,,,,,,,,,,,,"generated_by='OpenQuake engine 3.9.0', start_date='2020-10-27T09:52:04', checksum=2089612445, kind='rlz-092', investigation_time=1.0, imt='PGA'"
lon,lat,depth,poe-0.0100000,poe-0.0132162,poe-0.0174668,poe-0.0230845,poe-0.0305090,poe-0.0403213,poe-0.0532894,poe-0.0704284,poe-0.0930796,poe-0.1230160,poe-0.1625805,poe-0.2148697,poe-0.2839763,poe-0.3753090,poe-0.4960161,poe-0.6555452,poe-0.8663821,poe-1.1450285,poe-1.5132935,poe-2.0000000
12.80194,42.52722,0.00000,1.963833E-06,1.665988E-06,1.319170E-06,9.637633E-07,6.432371E-07,3.888384E-07,2.111426E-07,1.019110E-07,4.281962E-08,1.468765E-08,2.901525E-09,0.000000E+00,0.000000E+00,0.000000E+00,0.000000E+00,0.000000E+00,0.000000E+00,0.000000E+00,0.000000E+00,0.000000E+00
12.83333,42.52778,0.00000,2.015726E-06,1.731394E-06,1.391624E-06,1.034305E-06,7.036001E-07,4.342359E-07,2.411502E-07,1.193438E-07,5.172068E-08,1.868207E-08,4.476973E-09,0.000000E+00,0.000000E+00,0.000000E+00,0.000000E+00,0.000000E+00,0.000000E+00,0.000000E+00,0.000000E+00,0.000000E+00
12.84333,42.58611,0.00000,2.000338E-06,1.711819E-06,1.369740E-06,1.012804E-06,6.850337E-07,4.201463E-07,2.317531E-07,1.138358E-07,4.888332E-08,1.739753E-08,3.965880E-09,0.000000E+00,0.000000E+00,0.000000E+00,0.000000E+00,0.000000E+00,0.000000E+00,0.000000E+00,0.000000E+00,0.000000E+00
12.85722,42.51583,0.00000,2.059284E-06,1.787670E-06,1.455527E-06,1.098080E-06,7.595382E-07,4.773580E-07,2.703664E-07,1.367411E-07,6.082553E-08,2.286997E-08,6.169951E-09,0.000000E+00,0.000000E+00,0.000000E+00,0.000000E+00,0.000000E+00,0.000000E+00,0.000000E+00,0.000000E+00,0.000000E+00
12.86306,42.40500,0.00000,2.102751E-06,1.845194E-06,1.522435E-06,1.166477E-06,8.209890E-07,5.258821E-07,3.040425E-07,1.572821E-07,7.183726E-08,2.805827E-08,8.318425E-09,4.856867E-10,0.000000E+00,0.000000E+00,0.000000E+00,0.000000E+00,0.000000E+00,0.000000E+00,0.000000E+00,0.000000E+00
12.88917,42.50306,0.00000,2.114265E-06,1.860675E-06,1.540728E-06,1.185475E-06,8.383297E-07,5.397918E-07,3.138483E-07,1.633573E-07,7.514522E-08,2.964123E-08,8.984151E-09,7.317436E-10,0.000000E+00,0.000000E+00,0.000000E+00,0.000000E+00,0.000000E+00,0.000000E+00,0.000000E+00,0.000000E+00
12.90500,42.46861,0.00000,2.149784E-06,1.909124E-06,1.598809E-06,1.246669E-06,8.949951E-07,5.859085E-07,3.468342E-07,1.840936E-07,8.660196E-08,3.520441E-08,1.135834E-08,1.622254E-09,0.000000E+00,0.000000E+00,0.000000E+00,0.000000E+00,0.000000E+00,0.000000E+00,0.000000E+00,0.000000E+00
12.92778,42.27722,0.00000,2.184851E-06,1.958049E-06,1.658801E-06,1.311323E-06,9.562333E-07,6.368867E-07,3.841319E-07,2.080769E-07,1.001561E-07,4.193672E-08,1.429728E-08,2.749837E-09,0.000000E+00,0.000000E+00,0.000000E+00,0.000000E+00,0.000000E+00,0.000000E+00,0.000000E+00,0.000000E+00
12.93444,42.71194,0.00000,2.019195E-06,1.735828E-06,1.396606E-06,1.039224E-06,7.078677E-07,4.374903E-07,2.433312E-07,1.206284E-07,5.238564E-08,1.898457E-08,4.597916E-09,0.000000E+00,0.000000E+00,0.000000E+00,0.000000E+00,0.000000E+00,0.000000E+00,0.000000E+00,0.000000E+00,0.000000E+00
12.94889,42.38778,0.00000,2.232569E-06,2.026570E-06,1.745281E-06,1.407256E-06,1.049769E-06,7.170441E-07,4.445080E-07,2.480477E-07,1.234144E-07,5.383184E-08,1.964436E-08,4.862453E-09,0.000000E+00,0.000000E+00,0.000000E+00,0.000000E+00,0.000000E+00,0.000000E+00,0.000000E+00,0.000000E+00
12.95417,42.65361,0.00000,2.111279E-06,1.856650E-06,1.535960E-06,1.180511E-06,8.337869E-07,5.361386E-07,3.112665E-07,1.617537E-07,7.426986E-08,2.922129E-08,8.807101E-09,6.661405E-10,0.000000E+00,0.000000E+00,0.000000E+00,0.000000E+00,0.000000E+00,0.000000E+00,0.000000E+00,0.000000E+00
12.96472,42.56500,0.00000,2.196538E-06,1.974614E-06,1.679436E-06,1.333913E-06,9.779682E-07,6.552652E-07,3.977896E-07,2.169968E-07,1.052759E-07,4.451940E-08,1.544227E-08,3.195950E-09,0.000000E+00,0.000000E+00,0.000000E+00,0.000000E+00,0.000000E+00,0.000000E+00,0.000000E+00,0.000000E+00
12.96500,42.21583,0.00000,2.203358E-06,1.984345E-06,1.691636E-06,1.347357E-06,9.909870E-07,6.663453E-07,4.060770E-07,2.224446E-07,1.084232E-07,4.611733E-08,1.615528E-08,3.475558E-09,0.000000E+00,0.000000E+00,0.000000E+00,0.000000E+00,0.000000E+00,0.000000E+00,0.000000E+00,0.000000E+00
12.96694,42.27389,0.00000,2.237894E-06,2.034368E-06,1.755318E-06,1.418609E-06,1.061055E-06,7.269042E-07,4.520787E-07,2.531564E-07,1.264440E-07,5.541085E-08,2.036762E-08,5.153605E-09,0.000000E+00,0.000000E+00,0.000000E+00,0.000000E+00,0.000000E+00,0.000000E+00,0.000000E+00,0.000000E+00
12.98694,42.32417,0.00000,2.279311E-06,2.096184E-06,1.836411E-06,1.512111E-06,1.155812E-06,8.113072E-07,5.181573E-07,2.986258E-07,1.539441E-07,7.002944E-08,2.719780E-08,7.958484E-09,3.533617E-10,0.000000E+00,0.000000E+00,0.000000E+00,0.000000E+00,0.000000E+00,0.000000E+00,0.000000E+00
12.99722,42.19722,0.00000,2.232117E-06,2.025910E-06,1.744434E-06,1.406300E-06,1.048821E-06,7.162175E-07,4.438747E-07,2.476214E-07,1.231621E-07,5.370064E-08,1.958439E-08,4.838369E-09,0.000000E+00,0.000000E+00,0.000000E+00,0.000000E+00,0.000000E+00,0.000000E+00,0.000000E+00,0.000000E+00
12.99861,42.19167,0.00000,2.229594E-06,2.022227E-06,1.739711E-06,1.400975E-06,1.043545E-06,7.116239E-07,4.403596E-07,2.452574E-07,1.217649E-07,5.297492E-08,1.925310E-08,4.705457E-09,0.000000E+00,0.000000E+00,0.000000E+00,0.000000E+00,0.000000E+00,0.000000E+00,0.000000E+00,0.000000E+00
13.01361,42.72056,0.00000,2.113556E-06,1.859719E-06,1.539595E-06,1.184294E-06,8.372481E-07,5.389214E-07,3.132328E-07,1.629748E-07,7.493625E-08,2.954091E-08,8.941828E-09,7.160506E-10,0.000000E+00,0.000000E+00,0.000000E+00,0.000000E+00,0.000000E+00,0.000000E+00,0.000000E+00,0.000000E+00
13.02028,42.24056,0.00000,2.288808E-06,2.110671E-06,1.855832E-06,1.534992E-06,1.179503E-06,8.328661E-07,5.353990E-07,3.107443E-07,1.614297E-07,7.409319E-08,2.913663E-08,8.771444E-09,6.529429E-10,0.000000E+00,0.000000E+00,0.000000E+00,0.000000E+00,0.000000E+00,0.000000E+00,0.000000E+00
13.02306,42.39472,0.00000,2.325539E-06,2.167940E-06,1.934313E-06,1.629522E-06,1.279581E-06,9.259907E-07,6.115629E-07,3.654957E-07,1.960237E-07,9.330489E-08,3.851421E-08,1.279468E-08,2.170062E-09,0.000000E+00,0.000000E+00,0.000000E+00,0.000000E+00,0.000000E+00,0.000000E+00,0.000000E+00
13.03944,42.88028,0.00000,1.891017E-06,1.576952E-06,1.223483E-06,8.733777E-07,5.681956E-07,3.340790E-07,1.760212E-07,8.211209E-08,3.300969E-08,1.041550E-08,1.266280E-09,0.000000E+00,0.000000E+00,0.000000E+00,0.000000E+00,0.000000E+00,0.000000E+00,0.000000E+00,0.000000E+00,0.000000E+00
13.03972,42.17722,0.00000,2.267494E-06,2.078329E-06,1.812699E-06,1.484436E-06,1.127424E-06,7.857164E-07,4.978826E-07,2.845089E-07,1.453054E-07,6.538355E-08,2.500192E-08,7.046341E-09,2.036893E-11,0.000000E+00,0.000000E+00,0.000000E+00,0.000000E+00,0.000000E+00,0.000000E+00,0.000000E+00
13.04611,42.22750,0.00000,2.310771E-06,2.144666E-06,1.902076E-06,1.590280E-06,1.237598E-06,8.865164E-07,5.789436E-07,3.418061E-07,1.809034E-07,8.482312E-08,3.433270E-08,1.098292E-08,1.480158E-09,0.000000E+00,0.000000E+00,0.000000E+00,0.000000E+00,0.000000E+00,0.000000E+00,0.000000E+00
13.04861,42.13833,0.00000,2.241663E-06,2.039907E-06,1.762473E-06,1.426731E-06,1.069157E-06,7.340079E-07,4.575524E-07,2.568631E-07,1.286500E-07,5.656470E-08,2.089801E-08,5.367874E-09,0.000000E+00,0.000000E+00,0.000000E+00,0.000000E+00,0.000000E+00,0.000000E+00,0.000000E+00,0.000000E+00
13.05556,42.45222,0.00000,2.349442E-06,2.206397E-06,1.988695E-06,1.697110E-06,1.353409E-06,9.968692E-07,6.713690E-07,4.098479E-07,2.249321E-07,1.098653E-07,4.685210E-08,1.648429E-08,3.605033E-09,0.000000E+00,0.000000E+00,0.000000E+00,0.000000E+00,0.000000E+00,0.000000E+00,0.000000E+00
13.05972,42.40750,0.00000,2.363159E-06,2.228954E-06,2.021293E-06,1.738514E-06,1.399628E-06,1.042212E-06,7.104642E-07,4.394733E-07,2.446621E-07,1.214134E-07,5.279259E-08,1.916997E-08,4.672147E-09,0.000000E+00,0.000000E+00,0.000000E+00,0.000000E+00,0.000000E+00,0.000000E+00,0.000000E+00
13.06861,42.29611,0.00000,2.364603E-06,2.231350E-06,2.024790E-06,1.742997E-06,1.404678E-06,1.047213E-06,7.148166E-07,4.428019E-07,2.468994E-07,1.227351E-07,5.347872E-08,1.948302E-08,4.797671E-09,0.000000E+00,0.000000E+00,0.000000E+00,0.000000E+00,0.000000E+00,0.000000E+00,0.000000E+00
13.07000,42.15833,0.00000,2.284560E-06,2.104175E-06,1.847103E-06,1.524683E-06,1.168805E-06,8.231078E-07,5.275765E-07,3.052334E-07,1.580177E-07,7.223659E-08,2.824878E-08,8.398305E-09,5.151215E-10,0.000000E+00,0.000000E+00,0.000000E+00,0.000000E+00,0.000000E+00,0.000000E+00,0.000000E+00
13.07944,42.41806,0.00000,2.380384E-06,2.257844E-06,2.063879E-06,1.793685E-06,1.462447E-06,1.105076E-06,7.657538E-07,4.822115E-07,2.736971E-07,1.387499E-07,6.189024E-08,2.336593E-08,6.372992E-09,0.000000E+00,0.000000E+00,0.000000E+00,0.000000E+00,0.000000E+00,0.000000E+00,0.000000E+00
13.08722,43.03667,0.00000,1.627017E-06,1.276882E-06,9.234348E-07,6.094360E-07,3.639402E-07,1.950239E-07,9.274012E-08,3.823384E-08,1.267235E-08,2.123159E-09,0.000000E+00,0.000000E+00,0.000000E+00,0.000000E+00,0.000000E+00,0.000000E+00,0.000000E+00,0.000000E+00,0.000000E+00,0.000000E+00
13.08806,42.10083,0.00000,2.243569E-06,2.042714E-06,1.766107E-06,1.430866E-06,1.073292E-06,7.376411E-07,4.603581E-07,2.587674E-07,1.297859E-07,5.716013E-08,2.117232E-08,5.478939E-09,0.000000E+00,0.000000E+00,0.000000E+00,0.000000E+00,0.000000E+00,0.000000E+00,0.000000E+00,0.000000E+00
13.08806,42.93222,0.00000,1.841250E-06,1.517793E-06,1.161677E-06,8.166272E-07,5.223982E-07,3.015971E-07,1.557735E-07,7.101936E-08,2.766856E-08,8.155237E-09,4.256311E-10,0.000000E+00,0.000000E+00,0.000000E+00,0.000000E+00,0.000000E+00,0.000000E+00,0.000000E+00,0.000000E+00,0.000000E+00
13.09389,42.79583,0.00000,2.096532E-06,1.836876E-06,1.512656E-06,1.156374E-06,8.118163E-07,5.185628E-07,2.989097E-07,1.541187E-07,7.012382E-08,2.724264E-08,7.977206E-09,3.602323E-10,0.000000E+00,0.000000E+00,0.000000E+00,0.000000E+00,0.000000E+00,0.000000E+00,0.000000E+00,0.000000E+00
13.09667,42.52611,0.00000,2.370586E-06,2.241330E-06,2.039417E-06,1.761839E-06,1.426011E-06,1.068438E-06,7.333766E-07,4.570653E-07,2.565328E-07,1.284532E-07,5.646160E-08,2.085056E-08,5.348677E-09,0.000000E+00,0.000000E+00,0.000000E+00,0.000000E+00,0.000000E+00,0.000000E+00,0.000000E+00
13.12639,42.26611,0.00000,2.405625E-06,2.301488E-06,2.130211E-06,1.882294E-06,1.566487E-06,1.212449E-06,8.631537E-07,5.598697E-07,3.281202E-07,1.722732E-07,8.004029E-08,3.200319E-08,9.985770E-09,1.105036E-09,0.000000E+00,0.000000E+00,0.000000E+00,0.000000E+00,0.000000E+00,0.000000E+00
13.13528,42.51389,0.00000,2.408030E-06,2.305738E-06,2.136812E-06,1.891307E-06,1.577301E-06,1.223851E-06,8.737192E-07,5.684743E-07,3.342789E-07,1.761471E-07,8.218187E-08,3.304365E-08,1.043003E-08,1.271744E-09,0.000000E+00,0.000000E+00,0.000000E+00,0.000000E+00,0.000000E+00,0.000000E+00
13.13861,42.94583,0.00000,1.859325E-06,1.539128E-06,1.183808E-06,8.368031E-07,5.385634E-07,3.129797E-07,1.628175E-07,7.485036E-08,2.949969E-08,8.924443E-09,7.096066E-10,0.000000E+00,0.000000E+00,0.000000E+00,0.000000E+00,0.000000E+00,0.000000E+00,0.000000E+00,0.000000E+00,0.000000E+00
13.14611,42.21056,0.00000,2.394264E-06,2.281634E-06,2.099716E-06,1.841131E-06,1.517654E-06,1.161533E-06,8.164961E-07,5.222936E-07,3.015237E-07,1.557283E-07,7.099487E-08,2.765690E-08,8.150359E-09,4.238371E-10,0.000000E+00,0.000000E+00,0.000000E+00,0.000000E+00,0.000000E+00,0.000000E+00
13.15500,42.89583,0.00000,1.974710E-06,1.679556E-06,1.334045E-06,9.780960E-07,6.553738E-07,3.978705E-07,2.170499E-07,1.053065E-07,4.453490E-08,1.544916E-08,3.198649E-09,0.000000E+00,0.000000E+00,0.000000E+00,0.000000E+00,0.000000E+00,0.000000E+00,0.000000E+00,0.000000E+00,0.000000E+00
13.16000,42.61917,0.00000,2.373025E-06,2.245420E-06,2.045446E-06,1.769648E-06,1.434900E-06,1.077332E-06,7.411963E-07,4.631078E-07,2.606364E-07,1.309023E-07,5.774626E-08,2.144276E-08,5.588598E-09,0.000000E+00,0.000000E+00,0.000000E+00,0.000000E+00,0.000000E+00,0.000000E+00,0.000000E+00
13.20750,42.10306,0.00000,2.350418E-06,2.207990E-06,1.990980E-06,1.699990E-06,1.356599E-06,9.999740E-07,6.740253E-07,4.118450E-07,2.262517E-07,1.106316E-07,4.724318E-08,1.665970E-08,3.674178E-09,0.000000E+00,0.000000E+00,0.000000E+00,0.000000E+00,0.000000E+00,0.000000E+00,0.000000E+00
13.23222,42.45972,0.00000,2.473950E-06,2.431526E-06,2.348272E-06,2.204491E-06,1.985964E-06,1.693673E-06,1.349607E-06,9.931728E-07,6.682108E-07,4.074763E-07,2.233670E-07,1.089576E-07,4.638942E-08,1.627703E-08,3.523438E-09,0.000000E+00,0.000000E+00,0.000000E+00,0.000000E+00,0.000000E+00
13.23556,42.19444,0.00000,2.440962E-06,2.365945E-06,2.233583E-06,2.028052E-06,1.747186E-06,1.409407E-06,1.051904E-06,7.189061E-07,4.459352E-07,2.490092E-07,1.239836E-07,5.412802E-08,1.977979E-08,4.916881E-09,0.000000E+00,0.000000E+00,0.000000E+00,0.000000E+00,0.000000E+00,0.000000E+00
13.24611,42.52444,0.00000,2.469417E-06,2.422063E-06,2.330909E-06,2.176492E-06,1.946283E-06,1.644246E-06,1.295498E-06,9.411128E-07,6.241894E-07,3.747611E-07,2.019990E-07,9.669155E-08,4.020114E-08,1.353316E-08,2.454175E-09,0.000000E+00,0.000000E+00,0.000000E+00,0.000000E+00,0.000000E+00
13.24806,42.69583,0.00000,2.366104E-06,2.233847E-06,2.028438E-06,1.747682E-06,1.409968E-06,1.052460E-06,7.193917E-07,4.463076E-07,2.492602E-07,1.241323E-07,5.420542E-08,1.981520E-08,4.931118E-09,0.000000E+00,0.000000E+00,0.000000E+00,0.000000E+00,0.000000E+00,0.000000E+00,0.000000E+00
13.25167,42.07028,0.00000,2.341453E-06,2.193430E-06,1.970195E-06,1.673915E-06,1.327851E-06,9.721184E-07,6.503041E-07,3.940918E-07,2.145746E-07,1.038815E-07,4.381393E-08,1.512858E-08,3.073373E-09,0.000000E+00,0.000000E+00,0.000000E+00,0.000000E+00,0.000000E+00,0.000000E+00,0.000000E+00
13.25583,42.37417,0.00000,2.486843E-06,2.459661E-06,2.402254E-06,2.295559E-06,2.121045E-06,1.869843E-06,1.551621E-06,1.196850E-06,8.487680E-07,5.482107E-07,3.198158E-07,1.670748E-07,7.718043E-08,3.062047E-08,9.398231E-09,8.856262E-10,0.000000E+00,0.000000E+00,0.000000E+00,0.000000E+00
13.28306,42.00667,0.00000,2.270676E-06,2.083118E-06,1.819036E-06,1.491803E-06,1.134954E-06,7.924783E-07,5.032196E-07,2.882109E-07,1.475622E-07,6.659265E-08,2.557123E-08,7.281921E-09,1.060425E-10,0.000000E+00,0.000000E+00,0.000000E+00,0.000000E+00,0.000000E+00,0.000000E+00,0.000000E+00
13.28361,42.45028,0.00000,2.490022E-06,2.466972E-06,2.417032E-06,2.321809E-06,2.162028E-06,1.926078E-06,1.619441E-06,1.268736E-06,9.157362E-07,6.030419E-07,3.592729E-07,1.920299E-07,9.105216E-08,3.739749E-08,1.230817E-08,1.983789E-09,0.000000E+00,0.000000E+00,0.000000E+00,0.000000E+00
13.28972,42.63028,0.00000,2.442890E-06,2.369605E-06,2.239688E-06,2.037003E-06,1.758719E-06,1.422467E-06,1.064901E-06,7.302734E-07,4.546728E-07,2.549117E-07,1.274878E-07,5.595641E-08,2.061820E-08,5.254756E-09,0.000000E+00,0.000000E+00,0.000000E+00,0.000000E+00,0.000000E+00,0.000000E+00
13.29556,42.43806,0.00000,2.493026E-06,2.474073E-06,2.431784E-06,2.348751E-06,2.205271E-06,1.987082E-06,1.695079E-06,1.351162E-06,9.946841E-07,6.695016E-07,4.084452E-07,2.240062E-07,1.093281E-07,4.657821E-08,1.636156E-08,3.556705E-09,0.000000E+00,0.000000E+00,0.000000E+00,0.000000E+00
13.29694,42.77333,0.00000,2.296300E-06,2.122188E-06,1.871391E-06,1.553465E-06,1.198780E-06,8.505435E-07,5.496461E-07,3.208358E-07,1.677117E-07,7.752995E-08,3.078904E-08,9.469682E-09,9.122428E-10,0.000000E+00,0.000000E+00,0.000000E+00,0.000000E+00,0.000000E+00,0.000000E+00,0.000000E+00
13.30194,42.29056,0.00000,2.492062E-06,2.471771E-06,2.426954E-06,2.339841E-06,2.190827E-06,1.966502E-06,1.669310E-06,1.322805E-06,9.672588E-07,6.461909E-07,3.910322E-07,2.125745E-07,1.027324E-07,4.323371E-08,1.487111E-08,2.972962E-09,0.000000E+00,0.000000E+00,0.000000E+00,0.000000E+00
13.30194,42.52222,0.00000,2.486966E-06,2.459940E-06,2.402812E-06,2.296537E-06,2.122553E-06,1.871887E-06,1.554056E-06,1.199399E-06,8.511131E-07,5.501068E-07,3.211632E-07,1.679163E-07,7.764227E-08,3.084324E-08,9.492664E-09,9.208082E-10,0.000000E+00,0.000000E+00,0.000000E+00,0.000000E+00
13.33528,41.98917,0.00000,2.268806E-06,2.080302E-06,1.815308E-06,1.487466E-06,1.130519E-06,7.884934E-07,5.000726E-07,2.860268E-07,1.462300E-07,6.587851E-08,2.523478E-08,7.142623E-09,5.535561E-11,0.000000E+00,0.000000E+00,0.000000E+00,0.000000E+00,0.000000E+00,0.000000E+00,0.000000E+00
13.33917,42.29194,0.00000,2.497573E-06,2.485311E-06,2.456201E-06,2.395387E-06,2.283581E-06,2.102683E-06,1.845102E-06,1.522326E-06,1.166365E-06,8.208871E-07,5.258007E-07,3.039853E-07,1.572468E-07,7.181809E-08,2.804912E-08,8.314593E-09,4.842755E-10,0.000000E+00,0.000000E+00,0.000000E+00
13.34278,42.06639,0.00000,2.381327E-06,2.259445E-06,2.066269E-06,1.796819E-06,1.466058E-06,1.108734E-06,7.690102E-07,4.847592E-07,2.754488E-07,1.398084E-07,6.245239E-08,2.362830E-08,6.480609E-09,0.000000E+00,0.000000E+00,0.000000E+00,0.000000E+00,0.000000E+00,0.000000E+00,0.000000E+00
13.36222,42.09444,0.00000,2.417665E-06,2.322950E-06,2.163833E-06,1.928589E-06,1.622511E-06,1.272034E-06,9.188505E-07,6.056263E-07,3.611576E-07,1.932379E-07,9.173260E-08,3.773434E-08,1.245472E-08,2.039824E-09,0.000000E+00,0.000000E+00,0.000000E+00,0.000000E+00,0.000000E+00,0.000000E+00
13.36889,42.56139,0.00000,2.491677E-06,2.470858E-06,2.425051E-06,2.336356E-06,2.185217E-06,1.958566E-06,1.659443E-06,1.312023E-06,9.569042E-07,6.374518E-07,3.845501E-07,2.083490E-07,1.003116E-07,4.201487E-08,1.433179E-08,2.763230E-09,0.000000E+00,0.000000E+00,0.000000E+00,0.000000E+00
13.38500,41.96611,0.00000,2.248581E-06,2.050117E-06,1.775717E-06,1.441829E-06,1.084284E-06,7.473266E-07,4.678586E-07,2.638721E-07,1.328391E-07,5.876510E-08,2.191378E-08,5.779976E-09,0.000000E+00,0.000000E+00,0.000000E+00,0.000000E+00,0.000000E+00,0.000000E+00,0.000000E+00,0.000000E+00
13.39472,42.10889,0.00000,2.438956E-06,2.362156E-06,2.227291E-06,2.018872E-06,1.735415E-06,1.396141E-06,1.038765E-06,7.074693E-07,4.371862E-07,2.431272E-07,1.205082E-07,5.232336E-08,1.895622E-08,4.586569E-09,0.000000E+00,0.000000E+00,0.000000E+00,0.000000E+00,0.000000E+00,0.000000E+00
13.39917,42.35250,0.00000,2.500780E-06,2.500780E-06,2.493911E-06,2.476207E-06,2.436310E-06,2.357185E-06,2.219084E-06,2.006962E-06,1.720227E-06,1.379119E-06,1.021997E-06,6.929543E-07,4.261434E-07,2.357438E-07,1.161695E-07,5.008276E-08,1.793930E-08,4.180945E-09,0.000000E+00,0.000000E+00
13.41167,41.94111,0.00000,2.213771E-06,1.999292E-06,1.710494E-06,1.368265E-06,1.011360E-06,6.837926E-07,4.192084E-07,2.311303E-07,1.134723E-07,4.869685E-08,1.731346E-08,3.932576E-09,0.000000E+00,0.000000E+00,0.000000E+00,0.000000E+00,0.000000E+00,0.000000E+00,0.000000E+00,0.000000E+00
13.42444,41.91444,0.00000,2.168671E-06,1.935333E-06,1.630773E-06,1.280930E-06,9.272688E-07,6.126274E-07,3.662747E-07,1.965248E-07,9.358816E-08,3.865493E-08,1.285612E-08,2.193639E-09,0.000000E+00,0.000000E+00,0.000000E+00,0.000000E+00,0.000000E+00,0.000000E+00,0.000000E+00,0.000000E+00
13.42750,42.03528,0.00000,2.368560E-06,2.237941E-06,2.034438E-06,1.755408E-06,1.418711E-06,1.061157E-06,7.269933E-07,4.521472E-07,2.532027E-07,1.264715E-07,5.542524E-08,2.037422E-08,5.156268E-09,0.000000E+00,0.000000E+00,0.000000E+00,0.000000E+00,0.000000E+00,0.000000E+00,0.000000E+00
13.45806,41.86528,0.00000,2.080035E-06,1.814955E-06,1.487056E-06,1.130100E-06,7.881175E-07,4.997760E-07,2.858211E-07,1.461047E-07,6.581138E-08,2.520319E-08,7.129551E-09,5.060319E-11,0.000000E+00,0.000000E+00,0.000000E+00,0.000000E+00,0.000000E+00,0.000000E+00,0.000000E+00,0.000000E+00
13.47028,41.96083,0.00000,2.269863E-06,2.081894E-06,1.817414E-06,1.489916E-06,1.133023E-06,7.907426E-07,5.018482E-07,2.872587E-07,1.469812E-07,6.628103E-08,2.542435E-08,7.221082E-09,8.389478E-11,0.000000E+00,0.000000E+00,0.000000E+00,0.000000E+00,0.000000E+00,0.000000E+00,0.000000E+00
13.47278,41.88667,0.00000,2.129567E-06,1.881417E-06,1.565438E-06,1.211345E-06,8.621327E-07,5.590401E-07,3.275278E-07,1.719014E-07,7.983521E-08,3.190378E-08,9.943419E-09,1.089179E-09,0.000000E+00,0.000000E+00,0.000000E+00,0.000000E+00,0.000000E+00,0.000000E+00,0.000000E+00,0.000000E+00
13.47556,42.28667,0.00000,2.500780E-06,2.500780E-06,2.494799E-06,2.478374E-06,2.440954E-06,2.365930E-06,2.233557E-06,2.028014E-06,1.747137E-06,1.409352E-06,1.051849E-06,7.188578E-07,4.458982E-07,2.489843E-07,1.239688E-07,5.412033E-08,1.977628E-08,4.915468E-09,0.000000E+00,0.000000E+00
13.47861,42.54861,0.00000,2.500780E-06,2.494542E-06,2.477744E-06,2.439598E-06,2.363366E-06,2.229297E-06,2.021794E-06,1.739155E-06,1.400349E-06,1.042926E-06,7.110852E-07,4.399478E-07,2.449808E-07,1.216016E-07,5.289017E-08,1.921446E-08,4.689971E-09,0.000000E+00,0.000000E+00,0.000000E+00
13.48889,42.23667,0.00000,2.500509E-06,2.493047E-06,2.474123E-06,2.431891E-06,2.348948E-06,2.205593E-06,1.987543E-06,1.695659E-06,1.351804E-06,9.953079E-07,6.700346E-07,4.088455E-07,2.242703E-07,1.094813E-07,4.665629E-08,1.639654E-08,3.570475E-09,0.000000E+00,0.000000E+00,0.000000E+00
13.48917,42.29417,0.00000,2.500780E-06,2.500780E-06,2.497211E-06,2.484387E-06,2.454132E-06,2.391315E-06,2.276538E-06,2.091978E-06,1.830804E-06,1.505541E-06,1.149046E-06,8.051844E-07,5.132875E-07,2.952219E-07,1.518530E-07,6.890049E-08,2.666213E-08,7.735117E-09,2.715037E-10,0.000000E+00
13.51472,42.13583,0.00000,2.474320E-06,2.432306E-06,2.349718E-06,2.206849E-06,1.989343E-06,1.697926E-06,1.354313E-06,9.977482E-07,6.721208E-07,4.104129E-07,2.253053E-07,1.100819E-07,4.696260E-08,1.653383E-08,3.624554E-09,0.000000E+00,0.000000E+00,0.000000E+00,0.000000E+00,0.000000E+00
13.52278,42.20611,0.00000,2.497391E-06,2.484845E-06,2.455157E-06,2.393330E-06,2.280017E-06,2.097257E-06,1.837844E-06,1.513793E-06,1.157547E-06,8.128796E-07,5.194099E-07,2.995028E-07,1.544836E-07,7.032117E-08,2.733642E-08,8.016380E-09,3.746113E-10,0.000000E+00,0.000000E+00,0.000000E+00
13.52417,41.83444,0.00000,2.028113E-06,1.747265E-06,1.409496E-06,1.051992E-06,7.189830E-07,4.459942E-07,2.490490E-07,1.240071E-07,5.414027E-08,1.978540E-08,4.919134E-09,0.000000E+00,0.000000E+00,0.000000E+00,0.000000E+00,0.000000E+00,0.000000E+00,0.000000E+00,0.000000E+00,0.000000E+00
13.52583,42.28917,0.00000,2.500780E-06,2.500780E-06,2.497726E-06,2.485701E-06,2.457077E-06,2.397119E-06,2.286590E-06,2.107276E-06,1.851266E-06,1.529595E-06,1.173897E-06,8.277478E-07,5.312923E-07,3.078485E-07,1.596352E-07,7.311583E-08,2.866881E-08,8.574656E-09,5.801916E-10,0.000000E+00
13.53861,42.27139,0.00000,2.500780E-06,2.500780E-06,2.494440E-06,2.477494E-06,2.439062E-06,2.362355E-06,2.227622E-06,2.019353E-06,1.736030E-06,1.396833E-06,1.039448E-06,7.080628E-07,4.376393E-07,2.434311E-07,1.206873E-07,5.241617E-08,1.899847E-08,4.603478E-09,0.000000E+00,0.000000E+00
13.54000,42.32194,0.00000,2.500780E-06,2.500780E-06,2.500780E-06,2.496101E-06,2.481593E-06,2.447951E-06,2.379297E-06,2.256001E-06,2.061132E-06,1.790088E-06,1.458306E-06,1.100887E-06,7.620307E-07,4.793028E-07,2.717000E-07,1.375448E-07,6.125119E-08,2.306809E-08,6.251000E-09,0.000000E+00
13.54056,41.96028,0.00000,2.283173E-06,2.102061E-06,1.844269E-06,1.521345E-06,1.165349E-06,8.199640E-07,5.250628E-07,3.034670E-07,1.569269E-07,7.164454E-08,2.796638E-08,8.279923E-09,4.715075E-10,0.000000E+00,0.000000E+00,0.000000E+00,0.000000E+00,0.000000E+00,0.000000E+00,0.000000E+00
13.54778,42.08583,0.00000,2.444183E-06,2.372070E-06,2.243816E-06,2.043079E-06,1.766579E-06,1.431403E-06,1.073830E-06,7.381140E-07,4.607236E-07,2.590156E-07,1.299341E-07,5.723788E-08,2.120818E-08,5.493468E-09,0.000000E+00,0.000000E+00,0.000000E+00,0.000000E+00,0.000000E+00,0.000000E+00
13.55278,42.52389,0.00000,2.500780E-06,2.500164E-06,2.492108E-06,2.471881E-06,2.427183E-06,2.340261E-06,2.191505E-06,1.967464E-06,1.670508E-06,1.324117E-06,9.685216E-07,6.472591E-07,3.918262E-07,2.130932E-07,1.030302E-07,4.338397E-08,1.493775E-08,2.998931E-09,0.000000E+00,0.000000E+00
13.55972,42.29222,0.00000,2.500780E-06,2.500780E-06,2.499301E-06,2.489801E-06,2.466456E-06,2.415976E-06,2.319911E-06,2.159028E-06,1.921912E-06,1.614356E-06,1.263281E-06,9.105936E-07,5.987812E-07,3.561705E-07,1.900445E-07,8.993558E-08,3.684561E-08,1.206844E-08,1.892271E-09,0.000000E+00
13.56139,41.81083,0.00000,1.978641E-06,1.684478E-06,1.339461E-06,9.833333E-07,6.598248E-07,4.011951E-07,2.192323E-07,1.065655E-07,4.517322E-08,1.573359E-08,3.310028E-09,0.000000E+00,0.000000E+00,0.000000E+00,0.000000E+00,0.000000E+00,0.000000E+00,0.000000E+00,0.000000E+00,0.000000E+00
13.57639,42.25500,0.00000,2.500780E-06,2.499934E-06,2.491489E-06,2.470412E-06,2.424125E-06,2.334664E-06,2.182501E-06,1.954735E-06,1.654693E-06,1.306847E-06,9.519483E-07,6.332812E-07,3.814655E-07,2.063440E-07,9.916624E-08,4.143985E-08,1.407808E-08,2.664851E-09,0.000000E+00,0.000000E+00
13.58389,41.88750,0.00000,2.148089E-06,1.906788E-06,1.595979E-06,1.243656E-06,8.921755E-07,5.835898E-07,3.451585E-07,1.830292E-07,8.600782E-08,3.491294E-08,1.123268E-08,1.574639E-09,0.000000E+00,0.000000E+00,0.000000E+00,0.000000E+00,0.000000E+00,0.000000E+00,0.000000E+00,0.000000E+00
13.59139,42.08194,0.00000,2.442468E-06,2.368803E-06,2.238348E-06,2.035034E-06,1.756178E-06,1.419584E-06,1.062026E-06,7.277545E-07,4.527330E-07,2.535989E-07,1.267070E-07,5.554824E-08,2.043069E-08,5.179051E-09,0.000000E+00,0.000000E+00,0.000000E+00,0.000000E+00,0.000000E+00,0.000000E+00
13.59167,42.32806,0.00000,2.500780E-06,2.500780E-06,2.500780E-06,2.498016E-06,2.486447E-06,2.458763E-06,2.400464E-06,2.292424E-06,2.116219E-06,1.863314E-06,1.543859E-06,1.188740E-06,8.413211E-07,5.422009E-07,3.155535E-07,1.644180E-07,7.572506E-08,2.991981E-08,9.101780E-09,7.753931E-10
13.60194,42.06639,0.00000,2.428319E-06,2.342350E-06,2.194880E-06,1.972256E-06,1.676489E-06,1.330675E-06,9.748421E-07,6.526128E-07,3.958115E-07,2.157005E-07,1.045293E-07,4.414145E-08,1.527413E-08,3.130214E-09,0.000000E+00,0.000000E+00,0.000000E+00,0.000000E+00,0.000000E+00,0.000000E+00
13.60583,42.23056,0.00000,2.500780E-06,2.495554E-06,2.480235E-06,2.444983E-06,2.373597E-06,2.246380E-06,2.046864E-06,1.771489E-06,1.437000E-06,1.079437E-06,7.430510E-07,4.645438E-07,2.616136E-07,1.314867E-07,5.805341E-08,2.158463E-08,5.646192E-09,0.000000E+00,0.000000E+00,0.000000E+00
13.61139,42.27778,0.00000,2.500780E-06,2.500780E-06,2.497289E-06,2.484586E-06,2.454576E-06,2.392187E-06,2.278043E-06,2.094260E-06,1.833844E-06,1.509101E-06,1.152710E-06,8.084984E-07,5.159218E-07,2.970623E-07,1.529829E-07,6.951018E-08,2.695125E-08,7.855610E-09,3.156366E-10,0.000000E+00
13.61583,41.71944,0.00000,1.763396E-06,1.427781E-06,1.070207E-06,7.349295E-07,4.582637E-07,2.573456E-07,1.289376E-07,5.671540E-08,2.096740E-08,5.395952E-09,0.000000E+00,0.000000E+00,0.000000E+00,0.000000E+00,0.000000E+00,0.000000E+00,0.000000E+00,0.000000E+00,0.000000E+00,0.000000E+00
13.62444,42.00667,0.00000,2.356775E-06,2.218408E-06,2.005985E-06,1.718985E-06,1.377731E-06,1.020636E-06,6.917793E-07,4.252524E-07,2.351500E-07,1.158218E-07,4.990380E-08,1.785835E-08,4.148763E-09,0.000000E+00,0.000000E+00,0.000000E+00,0.000000E+00,0.000000E+00,0.000000E+00,0.000000E+00
13.62556,41.86806,0.00000,2.105658E-06,1.849093E-06,1.527030E-06,1.171236E-06,8.253223E-07,5.293491E-07,3.064803E-07,1.587886E-07,7.265542E-08,2.844877E-08,8.482231E-09,5.460734E-10,0.000000E+00,0.000000E+00,0.000000E+00,0.000000E+00,0.000000E+00,0.000000E+00,0.000000E+00,0.000000E+00
13.62694,42.06194,0.00000,2.422839E-06,2.332320E-06,2.178747E-06,1.949450E-06,1.648156E-06,1.299740E-06,9.451577E-07,6.275790E-07,3.772574E-07,2.036148E-07,9.761064E-08,4.066060E-08,1.373502E-08,2.532118E-09,0.000000E+00,0.000000E+00,0.000000E+00,0.000000E+00,0.000000E+00,0.000000E+00
13.63500,42.20500,0.00000,2.497975E-06,2.486341E-06,2.458523E-06,2.399987E-06,2.291589E-06,2.114936E-06,1.861582E-06,1.541804E-06,1.186596E-06,8.393563E-07,5.406182E-07,3.144330E-07,1.637209E-07,7.534390E-08,2.973665E-08,9.024426E-09,7.466828E-10,0.000000E+00,0.000000E+00,0.000000E+00
13.64472,42.34472,0.00000,2.500780E-06,2.500780E-06,2.500780E-06,2.498477E-06,2.487639E-06,2.461475E-06,2.405885E-06,2.301946E-06,2.130921E-06,1.883262E-06,1.567646E-06,1.213669E-06,8.642819E-07,5.607869E-07,3.287755E-07,1.726846E-07,8.026731E-08,3.211328E-08,1.003269E-08,1.122610E-09
13.64500,41.71167,0.00000,1.742462E-06,1.404076E-06,1.046616E-06,7.142966E-07,4.424039E-07,2.466317E-07,1.225768E-07,5.339647E-08,1.944546E-08,4.782600E-09,0.000000E+00,0.000000E+00,0.000000E+00,0.000000E+00,0.000000E+00,0.000000E+00,0.000000E+00,0.000000E+00,0.000000E+00,0.000000E+00
13.64500,41.95583,0.00000,2.274897E-06,2.089494E-06,1.827498E-06,1.501674E-06,1.145073E-06,8.015950E-07,5.104382E-07,2.932341E-07,1.506343E-07,6.824378E-08,2.635114E-08,7.605688E-09,2.241636E-10,0.000000E+00,0.000000E+00,0.000000E+00,0.000000E+00,0.000000E+00,0.000000E+00,0.000000E+00
13.65639,41.74972,0.00000,1.831485E-06,1.506337E-06,1.149866E-06,8.059253E-07,5.138761E-07,2.956329E-07,1.521052E-07,6.903650E-08,2.672660E-08,7.761970E-09,2.813342E-10,0.000000E+00,0.000000E+00,0.000000E+00,0.000000E+00,0.000000E+00,0.000000E+00,0.000000E+00,0.000000E+00,0.000000E+00
13.65778,42.28694,0.00000,2.500780E-06,2.500780E-06,2.497722E-06,2.485692E-06,2.457059E-06,2.397083E-06,2.286527E-06,2.107180E-06,1.851137E-06,1.529442E-06,1.173739E-06,8.276033E-07,5.311765E-07,3.077669E-07,1.595847E-07,7.308834E-08,2.865568E-08,8.569135E-09,5.781524E-10,0.000000E+00
13.66194,42.50306,0.00000,2.500780E-06,2.500780E-06,2.495074E-06,2.479048E-06,2.442408E-06,2.368689E-06,2.238157E-06,2.034754E-06,1.755817E-06,1.419175E-06,1.061618E-06,7.273973E-07,4.524581E-07,2.534130E-07,1.265964E-07,5.549050E-08,2.040418E-08,5.168354E-09,0.000000E+00,0.000000E+00
13.66333,42.02806,0.00000,2.380617E-06,2.258239E-06,2.064468E-06,1.794457E-06,1.463335E-06,1.105975E-06,7.665541E-07,4.828373E-07,2.741272E-07,1.390096E-07,6.202812E-08,2.343025E-08,6.399362E-09,0.000000E+00,0.000000E+00,0.000000E+00,0.000000E+00,0.000000E+00,0.000000E+00,0.000000E+00
13.67444,42.25111,0.00000,2.500780E-06,2.497773E-06,2.485821E-06,2.457349E-06,2.397657E-06,2.287525E-06,2.108707E-06,1.853189E-06,1.531866E-06,1.176256E-06,8.298996E-07,5.330178E-07,3.090645E-07,1.603883E-07,7.352577E-08,2.886492E-08,8.657099E-09,6.106525E-10,0.000000E+00,0.000000E+00
13.67611,41.67139,0.00000,1.642709E-06,1.293832E-06,9.395262E-07,6.228612E-07,3.737840E-07,2.013673E-07,9.633257E-08,4.002187E-08,1.345448E-08,2.423829E-09,0.000000E+00,0.000000E+00,0.000000E+00,0.000000E+00,0.000000E+00,0.000000E+00,0.000000E+00,0.000000E+00,0.000000E+00,0.000000E+00
13.67861,41.73889,0.00000,1.802118E-06,1.472177E-06,1.114943E-06,7.745477E-07,4.890992E-07,2.784383E-07,1.416181E-07,6.341516E-08,2.407845E-08,6.665585E-09,0.000000E+00,0.000000E+00,0.000000E+00,0.000000E+00,0.000000E+00,0.000000E+00,0.000000E+00,0.000000E+00,0.000000E+00,0.000000E+00
13.67972,42.15667,0.00000,2.483305E-06,2.451725E-06,2.386609E-06,2.268454E-06,2.079771E-06,1.814606E-06,1.486650E-06,1.129686E-06,7.877453E-07,4.994824E-07,2.856175E-07,1.459806E-07,6.574496E-08,2.517193E-08,7.116624E-09,4.590406E-11,0.000000E+00,0.000000E+00,0.000000E+00,0.000000E+00
13.68500,42.30028,0.00000,2.500780E-06,2.500780E-06,2.498156E-06,2.486808E-06,2.459582E-06,2.402097E-06,2.295284E-06,2.120621E-06,1.869267E-06,1.550936E-06,1.196133E-06,8.481091E-07,5.476782E-07,3.194377E-07,1.668388E-07,7.705098E-08,3.055806E-08,9.371790E-09,8.757817E-10,0.000000E+00
13.68722,41.93583,0.00000,2.231399E-06,2.024860E-06,1.743087E-06,1.404780E-06,1.047314E-06,7.149047E-07,4.428694E-07,2.469448E-07,1.227619E-07,5.349266E-08,1.948939E-08,4.800226E-09,0.000000E+00,0.000000E+00,0.000000E+00,0.000000E+00,0.000000E+00,0.000000E+00,0.000000E+00,0.000000E+00
13.68889,42.31139,0.00000,2.500780E-06,2.500780E-06,2.499166E-06,2.489445E-06,2.465631E-06,2.414291E-06,2.316888E-06,2.154263E-06,1.915311E-06,1.606319E-06,1.254682E-06,9.025071E-07,5.920981E-07,3.513165E-07,1.869461E-07,8.819743E-08,3.598866E-08,1.169714E-08,1.750881E-09,0.000000E+00
13.69389,41.95556,0.00000,2.265133E-06,2.074782E-06,1.808018E-06,1.479005E-06,1.121888E-06,7.807563E-07,4.939769E-07,2.818061E-07,1.436617E-07,6.450498E-08,2.458922E-08,6.875968E-09,0.000000E+00,0.000000E+00,0.000000E+00,0.000000E+00,0.000000E+00,0.000000E+00,0.000000E+00,0.000000E+00
13.69611,42.32694,0.00000,2.500780E-06,2.500780E-06,2.499857E-06,2.491282E-06,2.469923E-06,2.423111E-06,2.332815E-06,2.179539E-06,1.950564E-06,1.649532E-06,1.301235E-06,9.465845E-07,6.287759E-07,3.781398E-07,2.041865E-07,9.793615E-08,4.082350E-08,1.380666E-08,2.559809E-09,0.000000E+00
13.69778,41.69583,0.00000,1.696261E-06,1.352470E-06,9.959555E-07,6.705880E-07,4.092611E-07,2.245447E-07,1.096405E-07,4.673744E-08,1.643290E-08,3.584792E-09,0.000000E+00,0.000000E+00,0.000000E+00,0.000000E+00,0.000000E+00,0.000000E+00,0.000000E+00,0.000000E+00,0.000000E+00,0.000000E+00
13.70222,42.12694,0.00000,2.466803E-06,2.416685E-06,2.321186E-06,2.161043E-06,1.924710E-06,1.617770E-06,1.266942E-06,9.140437E-07,6.016386E-07,3.582505E-07,1.913752E-07,9.068369E-08,3.721525E-08,1.222896E-08,1.953529E-09,0.000000E+00,0.000000E+00,0.000000E+00,0.000000E+00,0.000000E+00
13.71250,41.63250,0.00000,1.545219E-06,1.190159E-06,8.426227E-07,5.432501E-07,3.162967E-07,1.648807E-07,7.597822E-08,3.004154E-08,9.153223E-09,7.944988E-10,0.000000E+00,0.000000E+00,0.000000E+00,0.000000E+00,0.000000E+00,0.000000E+00,0.000000E+00,0.000000E+00,0.000000E+00,0.000000E+00
13.71389,41.68278,0.00000,1.661880E-06,1.314682E-06,9.594537E-07,6.396004E-07,3.861415E-07,2.093849E-07,1.009042E-07,4.231279E-08,1.446342E-08,2.814344E-09,0.000000E+00,0.000000E+00,0.000000E+00,0.000000E+00,0.000000E+00,0.000000E+00,0.000000E+00,0.000000E+00,0.000000E+00,0.000000E+00
13.71750,42.17722,0.00000,2.487849E-06,2.461955E-06,2.406850E-06,2.303651E-06,2.133566E-06,1.886870E-06,1.571973E-06,1.218227E-06,8.685024E-07,5.642214E-07,3.312317E-07,1.742284E-07,8.112007E-08,3.252726E-08,1.020931E-08,1.188833E-09,0.000000E+00,0.000000E+00,0.000000E+00,0.000000E+00
13.72583,41.62278,0.00000,1.519958E-06,1.163915E-06,8.186598E-07,5.240210E-07,3.027356E-07,1.564755E-07,7.139980E-08,2.784975E-08,8.231073E-09,4.535268E-10,0.000000E+00,0.000000E+00,0.000000E+00,0.000000E+00,0.000000E+00,0.000000E+00,0.000000E+00,0.000000E+00,0.000000E+00,0.000000E+00
13.72667,42.36500,0.00000,2.500780E-06,2.500780E-06,2.498112E-06,2.486695E-06,2.459325E-06,2.401584E-06,2.294383E-06,2.119234E-06,1.867390E-06,1.548702E-06,1.193797E-06,8.459625E-07,5.459445E-07,3.182071E-07,1.660712E-07,7.663016E-08,3.035531E-08,9.285938E-09,8.438334E-10,0.000000E+00
13.72861,41.99889,0.00000,2.328106E-06,2.172022E-06,1.940017E-06,1.636528E-06,1.287143E-06,9.331644E-07,6.175437E-07,3.698779E-07,1.988455E-07,9.490181E-08,3.930845E-08,1.314184E-08,2.303423E-09,0.000000E+00,0.000000E+00,0.000000E+00,0.000000E+00,0.000000E+00,0.000000E+00,0.000000E+00
13.72944,42.23917,0.00000,2.499502E-06,2.490334E-06,2.467699E-06,2.418522E-06,2.324496E-06,2.166284E-06,1.932003E-06,1.626690E-06,1.276530E-06,9.231019E-07,6.091591E-07,3.637378E-07,1.948939E-07,9.266672E-08,3.819741E-08,1.265647E-08,2.117072E-09,0.000000E+00,0.000000E+00,0.000000E+00
13.73278,42.12972,0.00000,2.464480E-06,2.411951E-06,2.312708E-06,2.147698E-06,1.906249E-06,1.595326E-06,1.242962E-06,8.915262E-07,5.830561E-07,3.447730E-07,1.827846E-07,8.587136E-08,3.484604E-08,1.120385E-08,1.563724E-09,0.000000E+00,0.000000E+00,0.000000E+00,0.000000E+00,0.000000E+00
13.73528,42.14833,0.00000,2.474234E-06,2.432125E-06,2.349383E-06,2.206302E-06,1.988558E-06,1.696938E-06,1.353219E-06,9.966840E-07,6.712107E-07,4.097289E-07,2.248535E-07,1.098197E-07,4.682884E-08,1.647386E-08,3.600926E-09,0.000000E+00,0.000000E+00,0.000000E+00,0.000000E+00,0.000000E+00
13.74194,41.68861,0.00000,1.668051E-06,1.321427E-06,9.659327E-07,6.450699E-07,3.901993E-07,2.120306E-07,1.024203E-07,4.307630E-08,1.480134E-08,2.945784E-09,0.000000E+00,0.000000E+00,0.000000E+00,0.000000E+00,0.000000E+00,0.000000E+00,0.000000E+00,0.000000E+00,0.000000E+00,0.000000E+00
13.74361,42.11611,0.00000,2.453807E-06,2.390678E-06,2.275440E-06,2.090314E-06,1.828589E-06,1.502950E-06,1.146383E-06,8.027781E-07,5.113769E-07,2.938887E-07,1.510354E-07,6.845983E-08,2.645340E-08,7.648226E-09,2.397150E-10,0.000000E+00,0.000000E+00,0.000000E+00,0.000000E+00,0.000000E+00
13.75667,41.92306,0.00000,2.189104E-06,1.964062E-06,1.666272E-06,1.319480E-06,9.640614E-07,6.434888E-07,3.890253E-07,2.112645E-07,1.019809E-07,4.285482E-08,1.470324E-08,2.907591E-09,0.000000E+00,0.000000E+00,0.000000E+00,0.000000E+00,0.000000E+00,0.000000E+00,0.000000E+00,0.000000E+00
13.75944,42.32778,0.00000,2.500780E-06,2.499292E-06,2.489776E-06,2.466400E-06,2.415860E-06,2.319703E-06,2.158700E-06,1.921457E-06,1.613801E-06,1.262686E-06,9.100337E-07,5.983177E-07,3.558334E-07,1.898291E-07,8.981453E-08,3.678584E-08,1.204251E-08,1.882382E-09,0.000000E+00,0.000000E+00
13.76889,42.26861,0.00000,2.499857E-06,2.491283E-06,2.469926E-06,2.423117E-06,2.332826E-06,2.179557E-06,1.950589E-06,1.649562E-06,1.301268E-06,9.466160E-07,6.288023E-07,3.781593E-07,2.041991E-07,9.794336E-08,4.082710E-08,1.380825E-08,2.560422E-09,0.000000E+00,0.000000E+00,0.000000E+00
13.77167,42.18500,0.00000,2.483848E-06,2.452930E-06,2.388962E-06,2.272489E-06,2.085854E-06,1.822663E-06,1.496030E-06,1.139282E-06,7.963740E-07,5.063009E-07,2.903529E-07,1.488708E-07,6.729524E-08,2.590275E-08,7.419401E-09,1.561470E-10,0.000000E+00,0.000000E+00,0.000000E+00,0.000000E+00
13.77500,42.08222,0.00000,2.418366E-06,2.324213E-06,2.165836E-06,1.931379E-06,1.625926E-06,1.275707E-06,9.223228E-07,6.085114E-07,3.632644E-07,1.945899E-07,9.249510E-08,3.811228E-08,1.261936E-08,2.102852E-09,0.000000E+00,0.000000E+00,0.000000E+00,0.000000E+00,0.000000E+00,0.000000E+00
13.77639,42.03167,0.00000,2.360594E-06,2.224707E-06,2.015114E-06,1.730612E-06,1.390747E-06,1.033440E-06,7.028503E-07,4.336648E-07,2.407678E-07,1.191188E-07,5.160435E-08,1.862920E-08,4.455860E-09,0.000000E+00,0.000000E+00,0.000000E+00,0.000000E+00,0.000000E+00,0.000000E+00,0.000000E+00
13.77639,42.33333,0.00000,2.500780E-06,2.497483E-06,2.485080E-06,2.455683E-06,2.394365E-06,2.281808E-06,2.099982E-06,1.841486E-06,1.518071E-06,1.161964E-06,8.168876E-07,5.226061E-07,3.017428E-07,1.558634E-07,7.106804E-08,2.769174E-08,8.164934E-09,4.291966E-10,0.000000E+00,0.000000E+00
13.77917,42.22306,0.00000,2.492866E-06,2.473689E-06,2.430976E-06,2.347253E-06,2.202833E-06,1.983593E-06,1.690692E-06,1.346314E-06,9.899746E-07,6.654817E-07,4.054297E-07,2.220181E-07,1.081762E-07,4.599168E-08,1.609908E-08,3.453473E-09,0.000000E+00,0.000000E+00,0.000000E+00,0.000000E+00
13.78944,41.81111,0.00000,1.938639E-06,1.634833E-06,1.285312E-06,9.314251E-07,6.160922E-07,3.688132E-07,1.981593E-07,9.451303E-08,3.911489E-08,1.305715E-08,2.270856E-09,0.000000E+00,0.000000E+00,0.000000E+00,0.000000E+00,0.000000E+00,0.000000E+00,0.000000E+00,0.000000E+00,0.000000E+00
13.79861,41.66056,0.00000,1.585749E-06,1.232792E-06,8.820352E-07,5.752717E-07,3.391618E-07,1.792299E-07,8.389229E-08,3.387769E-08,1.078745E-08,1.406356E-09,0.000000E+00,0.000000E+00,0.000000E+00,0.000000E+00,0.000000E+00,0.000000E+00,0.000000E+00,0.000000E+00,0.000000E+00,0.000000E+00
13.80444,41.99361,0.00000,2.295176E-06,2.120455E-06,1.869042E-06,1.550668E-06,1.195853E-06,8.478517E-07,5.474702E-07,3.192900E-07,1.667466E-07,7.700044E-08,3.053371E-08,9.361473E-09,8.719410E-10,0.000000E+00,0.000000E+00,0.000000E+00,0.000000E+00,0.000000E+00,0.000000E+00,0.000000E+00
13.81306,41.70917,0.00000,1.693406E-06,1.349312E-06,9.928859E-07,6.679659E-07,4.072926E-07,2.232459E-07,1.088874E-07,4.635367E-08,1.626102E-08,3.517141E-09,0.000000E+00,0.000000E+00,0.000000E+00,0.000000E+00,0.000000E+00,0.000000E+00,0.000000E+00,0.000000E+00,0.000000E+00,0.000000E+00
13.81361,42.10361,0.00000,2.425588E-06,2.337337E-06,2.186795E-06,1.960795E-06,1.662211E-06,1.315043E-06,9.598004E-07,6.398928E-07,3.863582E-07,2.095260E-07,1.009849E-07,4.235342E-08,1.448138E-08,2.821321E-09,0.000000E+00,0.000000E+00,0.000000E+00,0.000000E+00,0.000000E+00,0.000000E+00
13.81639,42.12556,0.00000,2.442051E-06,2.368009E-06,2.237022E-06,2.033089E-06,1.753670E-06,1.416741E-06,1.059195E-06,7.252763E-07,4.508266E-07,2.523100E-07,1.259412E-07,5.514836E-08,2.024718E-08,5.105037E-09,0.000000E+00,0.000000E+00,0.000000E+00,0.000000E+00,0.000000E+00,0.000000E+00
13.82417,42.44167,0.00000,2.499843E-06,2.491244E-06,2.469835E-06,2.422927E-06,2.332480E-06,2.179003E-06,1.949810E-06,1.648601E-06,1.300224E-06,9.456189E-07,6.279658E-07,3.775425E-07,2.037995E-07,9.771577E-08,4.071320E-08,1.375815E-08,2.541057E-09,0.000000E+00,0.000000E+00,0.000000E+00
13.82944,42.21250,0.00000,2.481529E-06,2.447809E-06,2.379023E-06,2.255537E-06,2.060443E-06,1.789185E-06,1.457268E-06,1.099839E-06,7.610992E-07,4.785758E-07,2.712013E-07,1.372442E-07,6.109191E-08,2.299393E-08,6.220654E-09,0.000000E+00,0.000000E+00,0.000000E+00,0.000000E+00,0.000000E+00
13.83028,41.78250,0.00000,1.856331E-06,1.535582E-06,1.180118E-06,8.334277E-07,5.358500E-07,3.110627E-07,1.616273E-07,7.420090E-08,2.918824E-08,8.793180E-09,6.609875E-10,0.000000E+00,0.000000E+00,0.000000E+00,0.000000E+00,0.000000E+00,0.000000E+00,0.000000E+00,0.000000E+00,0.000000E+00
13.83500,42.17139,0.00000,2.463925E-06,2.410826E-06,2.310702E-06,2.144558E-06,1.901929E-06,1.590102E-06,1.237409E-06,8.863400E-07,5.787990E-07,3.417018E-07,1.808374E-07,8.478636E-08,3.431472E-08,1.097519E-08,1.477236E-09,0.000000E+00,0.000000E+00,0.000000E+00,0.000000E+00,0.000000E+00
13.83639,42.05917,0.00000,2.371131E-06,2.242243E-06,2.040761E-06,1.763578E-06,1.427987E-06,1.070413E-06,7.351106E-07,4.584035E-07,2.574405E-07,1.289942E-07,5.674503E-08,2.098105E-08,5.401477E-09,0.000000E+00,0.000000E+00,0.000000E+00,0.000000E+00,0.000000E+00,0.000000E+00,0.000000E+00
13.83722,41.93694,0.00000,2.181851E-06,1.953819E-06,1.653559E-06,1.305613E-06,9.507674E-07,6.322884E-07,3.807321E-07,2.058678E-07,9.889457E-08,4.130362E-08,1.401804E-08,2.641597E-09,0.000000E+00,0.000000E+00,0.000000E+00,0.000000E+00,0.000000E+00,0.000000E+00,0.000000E+00,0.000000E+00
13.84222,42.12528,0.00000,2.432613E-06,2.350289E-06,2.207781E-06,1.990679E-06,1.699610E-06,1.356179E-06,9.995648E-07,6.736750E-07,4.115815E-07,2.260775E-07,1.105304E-07,4.719151E-08,1.663651E-08,3.665033E-09,0.000000E+00,0.000000E+00,0.000000E+00,0.000000E+00,0.000000E+00,0.000000E+00
13.85028,41.67139,0.00000,1.591820E-06,1.239235E-06,8.880438E-07,5.801966E-07,3.427095E-07,1.814758E-07,8.514185E-08,3.448868E-08,1.105001E-08,1.505515E-09,0.000000E+00,0.000000E+00,0.000000E+00,0.000000E+00,0.000000E+00,0.000000E+00,0.000000E+00,0.000000E+00,0.000000E+00,0.000000E+00
13.86222,42.02306,0.00000,2.311056E-06,2.145111E-06,1.902688E-06,1.591019E-06,1.238384E-06,8.872493E-07,5.795447E-07,3.422394E-07,1.811779E-07,8.497597E-08,3.440749E-08,1.101508E-08,1.492312E-09,0.000000E+00,0.000000E+00,0.000000E+00,0.000000E+00,0.000000E+00,0.000000E+00,0.000000E+00
13.86222,42.33333,0.00000,2.492753E-06,2.473419E-06,2.430407E-06,2.346202E-06,2.201124E-06,1.981152E-06,1.687626E-06,1.342931E-06,9.866942E-07,6.626858E-07,4.033354E-07,2.206395E-07,1.073786E-07,4.558614E-08,1.591787E-08,3.382309E-09,0.000000E+00,0.000000E+00,0.000000E+00,0.000000E+00
13.86250,42.31861,0.00000,2.491975E-06,2.471565E-06,2.426525E-06,2.339053E-06,2.189558E-06,1.964704E-06,1.667071E-06,1.320355E-06,9.649023E-07,6.441991E-07,3.895526E-07,2.116085E-07,1.021781E-07,4.295424E-08,1.474727E-08,2.924728E-09,0.000000E+00,0.000000E+00,0.000000E+00,0.000000E+00
13.86722,41.64694,0.00000,1.529564E-06,1.173865E-06,8.277189E-07,5.312691E-07,3.078322E-07,1.596251E-07,7.311033E-08,2.866619E-08,8.573551E-09,5.797836E-10,0.000000E+00,0.000000E+00,0.000000E+00,0.000000E+00,0.000000E+00,0.000000E+00,0.000000E+00,0.000000E+00,0.000000E+00,0.000000E+00
13.87417,42.27583,0.00000,2.484836E-06,2.455136E-06,2.393288E-06,2.279945E-06,2.097147E-06,1.837697E-06,1.513620E-06,1.157368E-06,8.127175E-07,5.192807E-07,2.994123E-07,1.544280E-07,7.029107E-08,2.732211E-08,8.010401E-09,3.724168E-10,0.000000E+00,0.000000E+00,0.000000E+00,0.000000E+00
13.87611,42.10028,0.00000,2.395773E-06,2.284250E-06,2.103703E-06,1.846470E-06,1.523937E-06,1.168032E-06,8.224040E-07,5.270135E-07,3.048376E-07,1.577732E-07,7.210380E-08,2.818541E-08,8.371728E-09,5.053254E-10,0.000000E+00,0.000000E+00,0.000000E+00,0.000000E+00,0.000000E+00,0.000000E+00
13.88278,41.90472,0.00000,2.093379E-06,1.832670E-06,1.507725E-06,1.151294E-06,8.072167E-07,5.149026E-07,2.963499E-07,1.525454E-07,6.927399E-08,2.683921E-08,7.808895E-09,2.985193E-10,0.000000E+00,0.000000E+00,0.000000E+00,0.000000E+00,0.000000E+00,0.000000E+00,0.000000E+00,0.000000E+00
13.88639,42.25472,0.00000,2.477252E-06,2.438543E-06,2.361377E-06,2.226002E-06,2.016996E-06,1.733016E-06,1.393446E-06,1.036103E-06,7.051589E-07,4.354240E-07,2.419459E-07,1.198122E-07,5.196302E-08,1.879225E-08,4.520998E-09,0.000000E+00,0.000000E+00,0.000000E+00,0.000000E+00,0.000000E+00
13.88694,42.12583,0.00000,2.413039E-06,2.314650E-06,2.150745E-06,1.910450E-06,1.600416E-06,1.248382E-06,8.965994E-07,5.872288E-07,3.477893E-07,1.847007E-07,8.694114E-08,3.537095E-08,1.143021E-08,1.649506E-09,0.000000E+00,0.000000E+00,0.000000E+00,0.000000E+00,0.000000E+00,0.000000E+00
13.89750,42.23667,0.00000,2.468604E-06,2.420383E-06,2.327862E-06,2.171633E-06,1.939473E-06,1.635859E-06,1.286420E-06,9.324774E-07,6.169703E-07,3.694572E-07,1.985743E-07,9.474814E-08,3.923192E-08,1.310835E-08,2.290542E-09,0.000000E+00,0.000000E+00,0.000000E+00,0.000000E+00,0.000000E+00
13.89972,42.00917,0.00000,2.267937E-06,2.078994E-06,1.813579E-06,1.485457E-06,1.128467E-06,7.866518E-07,4.986200E-07,2.850198E-07,1.456165E-07,6.555003E-08,2.508022E-08,7.078701E-09,3.212353E-11,0.000000E+00,0.000000E+00,0.000000E+00,0.000000E+00,0.000000E+00,0.000000E+00,0.000000E+00
13.91361,42.21472,0.00000,2.454085E-06,2.391224E-06,2.276381E-06,2.091739E-06,1.830486E-06,1.505168E-06,1.148663E-06,8.048381E-07,5.130124E-07,2.950299E-07,1.517352E-07,6.883698E-08,2.663204E-08,7.722583E-09,2.669164E-10,0.000000E+00,0.000000E+00,0.000000E+00,0.000000E+00,0.000000E+00
13.92472,42.05028,0.00000,2.309217E-06,2.142236E-06,1.898739E-06,1.586251E-06,1.233323E-06,8.825304E-07,5.756771E-07,3.394536E-07,1.794144E-07,8.399483E-08,3.392777E-08,1.080895E-08,1.414467E-09,0.000000E+00,0.000000E+00,0.000000E+00,0.000000E+00,0.000000E+00,0.000000E+00,0.000000E+00
13.93556,41.77778,0.00000,1.787465E-06,1.455291E-06,1.097842E-06,7.593271E-07,4.771934E-07,2.702536E-07,1.366732E-07,6.078957E-08,2.285323E-08,6.163110E-09,0.000000E+00,0.000000E+00,0.000000E+00,0.000000E+00,0.000000E+00,0.000000E+00,0.000000E+00,0.000000E+00,0.000000E+00,0.000000E+00
13.94250,41.76722,0.00000,1.759497E-06,1.423350E-06,1.065782E-06,7.310460E-07,4.552682E-07,2.553149E-07,1.277278E-07,5.608194E-08,2.067591E-08,5.278072E-09,0.000000E+00,0.000000E+00,0.000000E+00,0.000000E+00,0.000000E+00,0.000000E+00,0.000000E+00,0.000000E+00,0.000000E+00,0.000000E+00
13.96083,41.97556,0.00000,2.168352E-06,1.934888E-06,1.630227E-06,1.280341E-06,9.267105E-07,6.121624E-07,3.659343E-07,1.963058E-07,9.346435E-08,3.859342E-08,1.282926E-08,2.183330E-09,0.000000E+00,0.000000E+00,0.000000E+00,0.000000E+00,0.000000E+00,0.000000E+00,0.000000E+00,0.000000E+00
13.96222,42.17833,0.00000,2.407622E-06,2.305017E-06,2.135690E-06,1.889772E-06,1.575456E-06,1.221902E-06,8.719106E-07,5.669989E-07,3.332211E-07,1.754806E-07,8.181279E-08,3.286404E-08,1.035320E-08,1.242867E-09,0.000000E+00,0.000000E+00,0.000000E+00,0.000000E+00,0.000000E+00,0.000000E+00
13.97750,41.93389,0.00000,2.079986E-06,1.814889E-06,1.486980E-06,1.130022E-06,7.880471E-07,4.997206E-07,2.857826E-07,1.460812E-07,6.579883E-08,2.519728E-08,7.127109E-09,4.971534E-11,0.000000E+00,0.000000E+00,0.000000E+00,0.000000E+00,0.000000E+00,0.000000E+00,0.000000E+00,0.000000E+00
13.99056,41.75972,0.00000,1.709737E-06,1.367423E-06,1.010537E-06,6.830850E-07,4.186739E-07,2.307755E-07,1.132653E-07,4.859071E-08,1.726564E-08,3.913635E-09,0.000000E+00,0.000000E+00,0.000000E+00,0.000000E+00,0.000000E+00,0.000000E+00,0.000000E+00,0.000000E+00,0.000000E+00,0.000000E+00
13.99389,42.05222,0.00000,2.257021E-06,2.062652E-06,1.792077E-06,1.460595E-06,1.103202E-06,7.640871E-07,4.809089E-07,2.728023E-07,1.382097E-07,6.160369E-08,2.323232E-08,6.318244E-09,0.000000E+00,0.000000E+00,0.000000E+00,0.000000E+00,0.000000E+00,0.000000E+00,0.000000E+00,0.000000E+00
14.00083,42.15944,0.00000,2.365374E-06,2.232632E-06,2.026663E-06,1.745401E-06,1.407391E-06,1.049903E-06,7.171607E-07,4.445973E-07,2.481079E-07,1.234499E-07,5.385035E-08,1.965282E-08,4.865852E-09,0.000000E+00,0.000000E+00,0.000000E+00,0.000000E+00,0.000000E+00,0.000000E+00,0.000000E+00
14.01333,42.00583,0.00000,2.171506E-06,1.939296E-06,1.635641E-06,1.286185E-06,9.322541E-07,6.167840E-07,3.693205E-07,1.984862E-07,9.469822E-08,3.920707E-08,1.309748E-08,2.286360E-09,0.000000E+00,0.000000E+00,0.000000E+00,0.000000E+00,0.000000E+00,0.000000E+00,0.000000E+00,0.000000E+00
14.02889,42.12667,0.00000,2.311552E-06,2.145887E-06,1.903756E-06,1.592311E-06,1.239756E-06,8.885304E-07,5.805960E-07,3.429975E-07,1.816583E-07,8.524355E-08,3.453847E-08,1.107143E-08,1.513617E-09,0.000000E+00,0.000000E+00,0.000000E+00,0.000000E+00,0.000000E+00,0.000000E+00,0.000000E+00
14.03333,41.73556,0.00000,1.625835E-06,1.275610E-06,9.222309E-07,6.084348E-07,3.632085E-07,1.945539E-07,9.247484E-08,3.810223E-08,1.261498E-08,2.101174E-09,0.000000E+00,0.000000E+00,0.000000E+00,0.000000E+00,0.000000E+00,0.000000E+00,0.000000E+00,0.000000E+00,0.000000E+00,0.000000E+00
14.04028,41.74750,0.00000,1.645721E-06,1.297097E-06,9.426370E-07,6.254660E-07,3.757009E-07,2.026070E-07,9.703722E-08,4.037386E-08,1.360900E-08,2.483448E-09,0.000000E+00,0.000000E+00,0.000000E+00,0.000000E+00,0.000000E+00,0.000000E+00,0.000000E+00,0.000000E+00,0.000000E+00,0.000000E+00
14.04500,42.01250,0.00000,2.150669E-06,1.910345E-06,1.600289E-06,1.248247E-06,8.964721E-07,5.871240E-07,3.477135E-07,1.846525E-07,8.691421E-08,3.535772E-08,1.142450E-08,1.647340E-09,0.000000E+00,0.000000E+00,0.000000E+00,0.000000E+00,0.000000E+00,0.000000E+00,0.000000E+00,0.000000E+00
14.06528,41.89056,0.00000,1.916045E-06,1.607212E-06,1.255635E-06,9.034023E-07,5.928370E-07,3.518523E-07,1.872877E-07,8.838880E-08,3.608288E-08,1.173791E-08,1.766384E-09,0.000000E+00,0.000000E+00,0.000000E+00,0.000000E+00,0.000000E+00,0.000000E+00,0.000000E+00,0.000000E+00,0.000000E+00
14.06806,41.87139,0.00000,1.875992E-06,1.558953E-06,1.204533E-06,8.558430E-07,5.539365E-07,3.238883E-07,1.696205E-07,7.857892E-08,3.129566E-08,9.684717E-09,9.924570E-10,0.000000E+00,0.000000E+00,0.000000E+00,0.000000E+00,0.000000E+00,0.000000E+00,0.000000E+00,0.000000E+00,0.000000E+00
14.08056,41.84889,0.00000,1.819278E-06,1.492085E-06,1.135242E-06,7.927376E-07,5.034245E-07,2.883532E-07,1.476491E-07,6.663928E-08,2.559321E-08,7.291032E-09,1.093603E-10,0.000000E+00,0.000000E+00,0.000000E+00,0.000000E+00,0.000000E+00,0.000000E+00,0.000000E+00,0.000000E+00,0.000000E+00
14.13861,41.98500,0.00000,2.002418E-06,1.714456E-06,1.372678E-06,1.015681E-06,6.875094E-07,4.220185E-07,2.329975E-07,1.145627E-07,4.925647E-08,1.756587E-08,4.032630E-09,0.000000E+00,0.000000E+00,0.000000E+00,0.000000E+00,0.000000E+00,0.000000E+00,0.000000E+00,0.000000E+00,0.000000E+00
14.16000,42.00444,0.00000,2.006392E-06,1.719502E-06,1.378309E-06,1.021202E-06,6.922683E-07,4.256231E-07,2.353971E-07,1.159665E-07,4.997823E-08,1.789201E-08,4.162144E-09,0.000000E+00,0.000000E+00,0.000000E+00,0.000000E+00,0.000000E+00,0.000000E+00,0.000000E+00,0.000000E+00,0.000000E+00
14.17222,42.02139,0.00000,2.016009E-06,1.731755E-06,1.392030E-06,1.034706E-06,7.039473E-07,4.345005E-07,2.413273E-07,1.194481E-07,5.177460E-08,1.870658E-08,4.486764E-09,0.000000E+00,0.000000E+00,0.000000E+00,0.000000E+00,0.000000E+00,0.000000E+00,0.000000E+00,0.000000E+00,0.000000E+00
