#,,,,,,,,,,,,,,,,,,,,,,"generated_by='OpenQuake engine 3.9.0', start_date='2020-10-27T09:52:04', checksum=2089612445, kind='mean', investigation_time=1.0, imt='PGA'"
lon,lat,depth,poe-0.0100000,poe-0.0132162,poe-0.0174668,poe-0.0230845,poe-0.0305090,poe-0.0403213,poe-0.0532894,poe-0.0704284,poe-0.0930796,poe-0.1230160,poe-0.1625805,poe-0.2148697,poe-0.2839763,poe-0.3753090,poe-0.4960161,poe-0.6555452,poe-0.8663821,poe-1.1450285,poe-1.5132935,poe-2.0000000
12.80194,42.52722,0.00000,1.162403E-04,9.196225E-05,7.145257E-05,5.461046E-05,4.108671E-05,3.040306E-05,2.206884E-05,1.563644E-05,1.073803E-05,7.084802E-06,4.451231E-06,2.637174E-06,1.458435E-06,7.455616E-07,3.482758E-07,1.458026E-07,5.240065E-08,1.556382E-08,3.637191E-09,4.776824E-10
12.83333,42.52778,0.00000,1.223769E-04,9.751488E-05,7.628735E-05,5.868457E-05,4.442767E-05,3.307802E-05,2.415710E-05,1.721876E-05,1.189145E-05,7.886295E-06,4.975750E-06,2.959057E-06,1.641533E-06,8.412866E-07,3.934908E-07,1.649492E-07,5.934416E-08,1.773478E-08,4.166596E-09,5.771068E-10
12.84333,42.58611,0.00000,1.167314E-04,9.237863E-05,7.165425E-05,5.456241E-05,4.081431E-05,2.994881E-05,2.147847E-05,1.496996E-05,1.007105E-05,6.488832E-06,3.973733E-06,2.292831E-06,1.235590E-06,6.161942E-07,2.807130E-07,1.143356E-07,4.116527E-08,1.252812E-08,2.621959E-09,3.239808E-10
12.85722,42.51583,0.00000,1.287297E-04,1.033541E-04,8.145555E-05,6.308575E-05,4.803945E-05,3.594244E-05,2.635520E-05,1.885100E-05,1.305987E-05,8.688023E-06,5.496872E-06,3.278066E-06,1.824124E-06,9.373127E-07,4.398320E-07,1.851104E-07,6.687944E-08,2.006285E-08,4.756743E-09,7.460087E-10
12.86306,42.40500,0.00000,1.435270E-04,1.173818E-04,9.429070E-05,7.424651E-05,5.713424E-05,4.279010E-05,3.103674E-05,2.168037E-05,1.450007E-05,9.231313E-06,5.564097E-06,3.156906E-06,1.673679E-06,8.204766E-07,3.689091E-07,1.507951E-07,5.465648E-08,1.655777E-08,4.181790E-09,8.619674E-10
12.88917,42.50306,0.00000,1.369711E-04,1.110532E-04,8.838441E-05,6.906743E-05,5.297963E-05,3.983817E-05,2.928287E-05,2.094577E-05,1.448511E-05,9.609515E-06,6.062309E-06,3.605881E-06,2.005097E-06,1.031072E-06,4.847346E-07,2.048934E-07,7.520768E-08,2.308296E-08,5.553628E-09,9.566722E-10
12.90500,42.46861,0.00000,1.450376E-04,1.187860E-04,9.557415E-05,7.546753E-05,5.836738E-05,4.408431E-05,3.238672E-05,2.302952E-05,1.575656E-05,1.030393E-05,6.394818E-06,3.738161E-06,2.042090E-06,1.033456E-06,4.789091E-07,1.998554E-07,7.258800E-08,2.259240E-08,5.437640E-09,9.731548E-10
12.92778,42.27722,0.00000,1.683428E-04,1.405282E-04,1.152086E-04,9.242530E-05,7.220498E-05,5.462285E-05,3.978021E-05,2.773460E-05,1.841291E-05,1.158207E-05,6.866516E-06,3.815879E-06,1.975158E-06,9.450612E-07,4.131881E-07,1.618390E-07,5.633350E-08,1.669784E-08,3.787799E-09,4.393907E-10
12.93444,42.71194,0.00000,1.138734E-04,9.087761E-05,7.044750E-05,5.282710E-05,3.818138E-05,2.651900E-05,1.765805E-05,1.124380E-05,6.831101E-06,3.947264E-06,2.162690E-06,1.119547E-06,5.426632E-07,2.441845E-07,1.004535E-07,3.747089E-08,1.212404E-08,3.052337E-09,4.715685E-10,5.620304E-11
12.94889,42.38778,0.00000,1.649304E-04,1.379883E-04,1.136222E-04,9.182988E-05,7.254487E-05,5.572092E-05,4.135691E-05,2.946858E-05,2.002939E-05,1.290723E-05,7.842556E-06,4.472060E-06,2.380986E-06,1.173213E-06,5.280718E-07,2.141921E-07,7.845765E-08,2.540948E-08,6.413112E-09,9.428175E-10
12.95417,42.65361,0.00000,1.259818E-04,1.012835E-04,7.923694E-05,6.019238E-05,4.433783E-05,3.163765E-05,2.185245E-05,1.458962E-05,9.392385E-06,5.813184E-06,3.443082E-06,1.937643E-06,1.026689E-06,5.073980E-07,2.311885E-07,9.556446E-08,3.441304E-08,1.042639E-08,2.425704E-09,3.012502E-10
12.96472,42.56500,0.00000,1.419847E-04,1.156252E-04,9.202093E-05,7.151790E-05,5.424722E-05,4.011873E-05,2.887029E-05,2.014686E-05,1.356504E-05,8.754117E-06,5.373640E-06,3.112521E-06,1.683971E-06,8.411478E-07,3.832293E-07,1.563821E-07,5.484641E-08,1.564069E-08,3.217852E-09,3.714093E-10
12.96500,42.21583,0.00000,1.786899E-04,1.500842E-04,1.240456E-04,1.006196E-04,7.972873E-05,6.132625E-05,4.546594E-05,3.226028E-05,2.176801E-05,1.389451E-05,8.348127E-06,4.695722E-06,2.457689E-06,1.185241E-06,5.211807E-07,2.073027E-07,7.396446E-08,2.222217E-08,4.762211E-09,7.221003E-10
12.96694,42.27389,0.00000,1.780347E-04,1.499812E-04,1.243682E-04,1.012333E-04,8.053971E-05,6.228508E-05,4.653317E-05,3.337610E-05,2.284163E-05,1.482941E-05,9.079356E-06,5.210850E-06,2.784621E-06,1.373676E-06,6.197000E-07,2.511502E-07,8.880177E-08,2.721214E-08,6.526946E-09,8.673683E-10
12.98694,42.32417,0.00000,1.796530E-04,1.519319E-04,1.265700E-04,1.036085E-04,8.301738E-05,6.479309E-05,4.897579E-05,3.563645E-05,2.480391E-05,1.640621E-05,1.024483E-05,5.999261E-06,3.271979E-06,1.648322E-06,7.576501E-07,3.118106E-07,1.121128E-07,3.452616E-08,8.151807E-09,1.147146E-09
12.99722,42.19722,0.00000,1.868395E-04,1.578554E-04,1.314107E-04,1.075941E-04,8.629479E-05,6.738587E-05,5.085379E-05,3.680420E-05,2.536066E-05,1.653743E-05,1.015265E-05,5.836519E-06,3.122822E-06,1.543062E-06,6.942261E-07,2.829095E-07,1.042073E-07,3.306435E-08,7.829176E-09,1.473606E-09
12.99861,42.19167,0.00000,1.871383E-04,1.580784E-04,1.315560E-04,1.076681E-04,8.630932E-05,6.735757E-05,5.080153E-05,3.674539E-05,2.530817E-05,1.649759E-05,1.012666E-05,5.822261E-06,3.116644E-06,1.541175E-06,6.950627E-07,2.841614E-07,1.050418E-07,3.360697E-08,8.172348E-09,1.593503E-09
13.01361,42.72056,0.00000,1.223396E-04,9.975894E-05,7.933377E-05,6.118042E-05,4.548599E-05,3.242658E-05,2.206557E-05,1.427436E-05,8.748795E-06,5.063388E-06,2.755479E-06,1.401998E-06,6.628810E-07,2.889323E-07,1.145962E-07,4.069622E-08,1.237670E-08,2.799302E-09,2.748733E-10,6.942367E-12
13.02028,42.24056,0.00000,1.920671E-04,1.633774E-04,1.371242E-04,1.134169E-04,9.214225E-05,7.312710E-05,5.628960E-05,4.169028E-05,2.947499E-05,1.974738E-05,1.245670E-05,7.352071E-06,4.033328E-06,2.039449E-06,9.392129E-07,3.871137E-07,1.408682E-07,4.450013E-08,1.092298E-08,1.536679E-09
13.02306,42.39472,0.00000,1.795026E-04,1.519401E-04,1.266693E-04,1.037464E-04,8.314222E-05,6.484891E-05,4.892246E-05,3.545788E-05,2.452299E-05,1.608085E-05,9.935550E-06,5.749683E-06,3.097560E-06,1.542506E-06,7.010834E-07,2.846696E-07,1.023001E-07,3.247647E-08,8.197701E-09,1.134026E-09
13.03944,42.88028,0.00000,9.519939E-05,7.874502E-05,6.480191E-05,5.283530E-05,4.241088E-05,3.324700E-05,2.523066E-05,1.838151E-05,1.275739E-05,8.377213E-06,5.173846E-06,2.987428E-06,1.601719E-06,7.903988E-07,3.543388E-07,1.418509E-07,5.030584E-08,1.511925E-08,3.243205E-09,4.078457E-10
13.03972,42.17722,0.00000,1.975034E-04,1.680202E-04,1.409231E-04,1.164130E-04,9.442055E-05,7.479419E-05,5.746193E-05,4.248137E-05,2.998785E-05,2.006928E-05,1.265511E-05,7.475832E-06,4.112159E-06,2.089716E-06,9.712554E-07,4.077097E-07,1.520380E-07,4.995136E-08,1.367338E-08,2.687560E-09
13.04611,42.22750,0.00000,1.987038E-04,1.697200E-04,1.431034E-04,1.190249E-04,9.737920E-05,7.795409E-05,6.061457E-05,4.539365E-05,3.245827E-05,2.198279E-05,1.400171E-05,8.332461E-06,4.600962E-06,2.337963E-06,1.079487E-06,4.436257E-07,1.603246E-07,5.008631E-08,1.187934E-08,1.782558E-09
13.04861,42.13833,0.00000,1.986065E-04,1.685544E-04,1.408067E-04,1.156561E-04,9.313510E-05,7.319030E-05,5.580002E-05,4.100272E-05,2.884596E-05,1.930705E-05,1.222308E-05,7.277301E-06,4.051869E-06,2.095546E-06,9.968988E-07,4.331343E-07,1.675949E-07,5.718952E-08,1.694978E-08,3.820343E-09
13.05556,42.45222,0.00000,1.763967E-04,1.486584E-04,1.231044E-04,9.988609E-05,7.907233E-05,6.073649E-05,4.498276E-05,3.190784E-05,2.153161E-05,1.373198E-05,8.224566E-06,4.597478E-06,2.381704E-06,1.131992E-06,4.875671E-07,1.870140E-07,6.216651E-08,1.754071E-08,4.221627E-09,6.069800E-10
13.05972,42.40750,0.00000,1.844218E-04,1.564726E-04,1.306687E-04,1.071365E-04,8.591017E-05,6.702685E-05,5.057138E-05,3.665366E-05,2.534478E-05,1.660825E-05,1.024547E-05,5.910375E-06,3.166940E-06,1.562401E-06,6.997645E-07,2.790933E-07,9.712854E-08,2.870943E-08,6.397574E-09,9.033126E-10
13.06861,42.29611,0.00000,1.997866E-04,1.710993E-04,1.445931E-04,1.204643E-04,9.868470E-05,7.912423E-05,6.168259E-05,4.637705E-05,3.334105E-05,2.272207E-05,1.456205E-05,8.708585E-06,4.824203E-06,2.455476E-06,1.132887E-06,4.633488E-07,1.625203E-07,4.853529E-08,1.130918E-08,1.380499E-09
13.07000,42.15833,0.00000,2.048738E-04,1.749811E-04,1.472907E-04,1.221148E-04,9.946795E-05,7.924181E-05,6.135868E-05,4.583975E-05,3.278601E-05,2.228166E-05,1.429152E-05,8.595282E-06,4.818117E-06,2.499291E-06,1.186886E-06,5.096182E-07,1.941499E-07,6.415127E-08,1.828078E-08,3.923679E-09
13.07944,42.41806,0.00000,1.860258E-04,1.578355E-04,1.317109E-04,1.078350E-04,8.630189E-05,6.719187E-05,5.060427E-05,3.663564E-05,2.532505E-05,1.660411E-05,1.025520E-05,5.925735E-06,3.181494E-06,1.572797E-06,7.058371E-07,2.823634E-07,9.814523E-08,2.872869E-08,6.400344E-09,9.626748E-10
13.08722,43.03667,0.00000,7.155725E-05,5.785063E-05,4.628181E-05,3.647732E-05,2.818913E-05,2.126518E-05,1.559294E-05,1.106476E-05,7.561222E-06,4.951315E-06,3.091026E-06,1.829008E-06,1.020305E-06,5.320224E-07,2.566351E-07,1.129099E-07,4.443966E-08,1.557592E-08,4.550998E-09,8.199676E-10
13.08806,42.10083,0.00000,2.066006E-04,1.758495E-04,1.471454E-04,1.209459E-04,9.742120E-05,7.660002E-05,5.848567E-05,4.310115E-05,3.046426E-05,2.052476E-05,1.310355E-05,7.882176E-06,4.441627E-06,2.328483E-06,1.126209E-06,4.961140E-07,1.958859E-07,6.859671E-08,2.011406E-08,4.662035E-09
13.08806,42.93222,0.00000,8.819001E-05,7.312934E-05,6.063641E-05,5.014596E-05,4.116997E-05,3.333241E-05,2.639451E-05,2.025745E-05,1.492492E-05,1.045878E-05,6.912854E-06,4.277640E-06,2.461054E-06,1.307441E-06,6.340255E-07,2.754281E-07,1.044825E-07,3.438861E-08,9.184333E-09,1.619292E-09
13.09389,42.79583,0.00000,1.136538E-04,9.450560E-05,7.787717E-05,6.335965E-05,5.059826E-05,3.937206E-05,2.960641E-05,2.133283E-05,1.461457E-05,9.448254E-06,5.724686E-06,3.228366E-06,1.679802E-06,7.957759E-07,3.373416E-07,1.257493E-07,4.015999E-08,9.483132E-09,1.115836E-09,6.272175E-11
13.09667,42.52611,0.00000,1.682579E-04,1.403813E-04,1.145537E-04,9.113475E-05,7.041603E-05,5.261641E-05,3.784520E-05,2.606911E-05,1.710189E-05,1.061834E-05,6.195033E-06,3.369051E-06,1.693258E-06,7.766916E-07,3.197261E-07,1.143540E-07,3.358161E-08,7.275315E-09,9.949085E-10,6.729337E-11
13.12639,42.26611,0.00000,2.146192E-04,1.852202E-04,1.576615E-04,1.322786E-04,1.091359E-04,8.815427E-05,6.926017E-05,5.250049E-05,3.804993E-05,2.612845E-05,1.684892E-05,1.011674E-05,5.608358E-06,2.843525E-06,1.300276E-06,5.224430E-07,1.767171E-07,4.792773E-08,8.612504E-09,8.592574E-10
13.13528,42.51389,0.00000,1.746419E-04,1.462017E-04,1.198010E-04,9.582152E-05,7.455084E-05,5.618651E-05,4.082902E-05,2.845599E-05,1.891278E-05,1.191204E-05,7.063078E-06,3.912862E-06,2.007701E-06,9.442260E-07,3.994156E-07,1.488312E-07,4.724225E-08,1.139606E-08,1.684728E-09,2.039975E-10
13.13861,42.94583,0.00000,8.718840E-05,7.241329E-05,6.022059E-05,5.002169E-05,4.130636E-05,3.367618E-05,2.687425E-05,2.079315E-05,1.544068E-05,1.089802E-05,7.247010E-06,4.505680E-06,2.600677E-06,1.384211E-06,6.715954E-07,2.912357E-07,1.098851E-07,3.566211E-08,9.447153E-09,1.656229E-09
13.14611,42.21056,0.00000,2.226142E-04,1.927271E-04,1.644314E-04,1.381552E-04,1.140541E-04,9.213777E-05,7.240899E-05,5.495157E-05,3.994118E-05,2.756566E-05,1.791280E-05,1.087097E-05,6.112750E-06,3.154858E-06,1.476301E-06,6.146500E-07,2.183137E-07,6.348567E-08,1.386101E-08,1.619468E-09
13.15500,42.89583,0.00000,9.602744E-05,8.012537E-05,6.705448E-05,5.621071E-05,4.699649E-05,3.889305E-05,3.153704E-05,2.477033E-05,1.863127E-05,1.327699E-05,8.881855E-06,5.533238E-06,3.187173E-06,1.683582E-06,8.068558E-07,3.437992E-07,1.247672E-07,3.847572E-08,9.355066E-09,1.250452E-09
13.16000,42.61917,0.00000,1.540853E-04,1.279245E-04,1.039431E-04,8.237075E-05,6.339626E-05,4.716672E-05,3.375045E-05,2.311112E-05,1.507239E-05,9.323426E-06,5.451096E-06,3.003765E-06,1.555824E-06,7.548214E-07,3.413684E-07,1.428437E-07,5.505354E-08,1.997448E-08,6.585203E-09,1.453987E-09
13.20750,42.10306,0.00000,2.359829E-04,2.050392E-04,1.750713E-04,1.468100E-04,1.206903E-04,9.693673E-05,7.568122E-05,5.706526E-05,4.125995E-05,2.839718E-05,1.847113E-05,1.127768E-05,6.416365E-06,3.375858E-06,1.623584E-06,7.030259E-07,2.688449E-07,8.777868E-08,2.302117E-08,4.168825E-09
13.23222,42.45972,0.00000,1.932678E-04,1.627278E-04,1.342548E-04,1.084146E-04,8.557534E-05,6.590386E-05,4.939137E-05,3.589214E-05,2.516397E-05,1.691215E-05,1.081451E-05,6.526883E-06,3.684219E-06,1.926073E-06,9.231071E-07,3.981675E-07,1.490579E-07,4.686463E-08,1.118256E-08,1.516014E-09
13.23556,42.19444,0.00000,2.415144E-04,2.107653E-04,1.806010E-04,1.516668E-04,1.244524E-04,9.935520E-05,7.676023E-05,5.704390E-05,4.050979E-05,2.731517E-05,1.737691E-05,1.036363E-05,5.756067E-06,2.949742E-06,1.378180E-06,5.777940E-07,2.128931E-07,6.677941E-08,1.554775E-08,2.109661E-09
13.24611,42.52444,0.00000,1.778026E-04,1.481598E-04,1.210445E-04,9.691858E-05,7.597327E-05,5.817517E-05,4.336272E-05,3.131136E-05,2.177968E-05,1.450574E-05,9.190258E-06,5.496704E-06,3.077382E-06,1.597455E-06,7.590715E-07,3.247766E-07,1.230972E-07,3.916040E-08,8.768009E-09,9.448088E-10
13.24806,42.69583,0.00000,1.383083E-04,1.145711E-04,9.346677E-05,7.488035E-05,5.866575E-05,4.470317E-05,3.292435E-05,2.328412E-05,1.570963E-05,1.005877E-05,6.089060E-06,3.477210E-06,1.871040E-06,9.462881E-07,4.480153E-07,1.976605E-07,8.183261E-08,3.196177E-08,1.161241E-08,3.411954E-09
13.25167,42.07028,0.00000,2.431440E-04,2.120279E-04,1.813981E-04,1.521089E-04,1.247989E-04,9.990303E-05,7.770902E-05,5.842021E-05,4.218194E-05,2.905114E-05,1.894377E-05,1.160924E-05,6.638255E-06,3.512522E-06,1.701502E-06,7.438014E-07,2.854540E-07,9.364846E-08,2.435545E-08,4.709100E-09
13.25583,42.37417,0.00000,2.153475E-04,1.839210E-04,1.539311E-04,1.260485E-04,1.007798E-04,7.847710E-05,5.932587E-05,4.336071E-05,3.048849E-05,2.050629E-05,1.310623E-05,7.905441E-06,4.466330E-06,2.343475E-06,1.130083E-06,4.922986E-07,1.891260E-07,6.232240E-08,1.619610E-08,2.784849E-09
13.28306,42.00667,0.00000,2.416342E-04,2.105146E-04,1.796632E-04,1.500107E-04,1.223460E-04,9.725119E-05,7.509776E-05,5.607486E-05,4.024121E-05,2.755348E-05,1.786372E-05,1.088395E-05,6.186640E-06,3.254699E-06,1.568023E-06,6.806354E-07,2.589983E-07,8.392053E-08,2.264154E-08,4.862938E-09
13.28361,42.45028,0.00000,1.970010E-04,1.655074E-04,1.362349E-04,1.098320E-04,8.666506E-05,6.685039E-05,5.030229E-05,3.680567E-05,2.607224E-05,1.778192E-05,1.160321E-05,7.194378E-06,4.205518E-06,2.297404E-06,1.162620E-06,5.370612E-07,2.214453E-07,8.041653E-08,2.392681E-08,5.229762E-09
13.28972,42.63028,0.00000,1.522043E-04,1.252893E-04,1.011620E-04,8.001765E-05,6.190669E-05,4.675568E-05,3.438193E-05,2.453177E-05,1.689989E-05,1.116980E-05,7.036662E-06,4.196093E-06,2.354646E-06,1.236665E-06,6.026253E-07,2.684508E-07,1.067956E-07,3.803567E-08,1.237932E-08,3.432136E-09
13.29556,42.43806,0.00000,2.003812E-04,1.685532E-04,1.388765E-04,1.120359E-04,8.843400E-05,6.822137E-05,5.133608E-05,3.757117E-05,2.663650E-05,1.819807E-05,1.191056E-05,7.419746E-06,4.367363E-06,2.408877E-06,1.234092E-06,5.792338E-07,2.439278E-07,9.116387E-08,2.841216E-08,6.805239E-09
13.29694,42.77333,0.00000,1.203729E-04,9.953432E-05,8.150750E-05,6.590364E-05,5.237049E-05,4.066412E-05,3.065155E-05,2.227103E-05,1.549081E-05,1.024598E-05,6.400497E-06,3.753902E-06,2.053747E-06,1.042025E-06,4.836963E-07,2.014604E-07,7.467077E-08,2.413125E-08,6.329380E-09,1.157263E-09
13.30194,42.29056,0.00000,2.373017E-04,2.050254E-04,1.731385E-04,1.424724E-04,1.138309E-04,8.796165E-05,6.548248E-05,4.678357E-05,3.195748E-05,2.079504E-05,1.283668E-05,7.482936E-06,4.094840E-06,2.084789E-06,9.778111E-07,4.170706E-07,1.589256E-07,5.213867E-08,1.275546E-08,1.760115E-09
13.30194,42.52222,0.00000,1.780084E-04,1.476063E-04,1.200689E-04,9.587753E-05,7.516096E-05,5.777491E-05,4.342635E-05,3.177633E-05,2.250922E-05,1.533467E-05,9.974385E-06,6.143301E-06,3.552500E-06,1.909365E-06,9.432412E-07,4.213987E-07,1.672284E-07,5.680004E-08,1.463251E-08,1.984132E-09
13.33528,41.98917,0.00000,2.479845E-04,2.176077E-04,1.871637E-04,1.574886E-04,1.293442E-04,1.033846E-04,8.013220E-05,5.995286E-05,4.305115E-05,2.947536E-05,1.910404E-05,1.163842E-05,6.618751E-06,3.487384E-06,1.686090E-06,7.352876E-07,2.818988E-07,9.289000E-08,2.531117E-08,5.459485E-09
13.33917,42.29194,0.00000,2.390647E-04,2.059223E-04,1.730743E-04,1.415158E-04,1.122102E-04,8.601299E-05,6.356381E-05,4.518289E-05,3.082881E-05,2.015020E-05,1.258172E-05,7.476841E-06,4.203404E-06,2.219003E-06,1.089497E-06,4.900456E-07,1.997154E-07,7.108443E-08,1.985239E-08,3.521882E-09
13.34278,42.06639,0.00000,2.586626E-04,2.278525E-04,1.966607E-04,1.660102E-04,1.367132E-04,1.094680E-04,8.486208E-05,6.338233E-05,4.536258E-05,3.092796E-05,1.996080E-05,1.211035E-05,6.851281E-06,3.583033E-06,1.712002E-06,7.357684E-07,2.778183E-07,8.741578E-08,2.001653E-08,2.506342E-09
13.36222,42.09444,0.00000,2.624228E-04,2.312312E-04,1.994481E-04,1.680891E-04,1.380633E-04,1.101582E-04,8.502302E-05,6.317910E-05,4.496898E-05,3.049808E-05,1.960051E-05,1.186598E-05,6.720190E-06,3.533162E-06,1.705425E-06,7.447980E-07,2.899394E-07,9.672317E-08,2.535478E-08,4.050315E-09
13.36889,42.56139,0.00000,1.652074E-04,1.352052E-04,1.084987E-04,8.542911E-05,6.601557E-05,5.004120E-05,3.714492E-05,2.691199E-05,1.893215E-05,1.283670E-05,8.313490E-06,5.092059E-06,2.918269E-06,1.548809E-06,7.519484E-07,3.271635E-07,1.233235E-07,3.861513E-08,8.169096E-09,6.337574E-10
13.38500,41.96611,0.00000,2.506853E-04,2.211843E-04,1.915007E-04,1.623021E-04,1.342000E-04,1.078143E-04,8.377173E-05,6.264123E-05,4.484061E-05,3.055515E-05,1.970078E-05,1.194258E-05,6.762084E-06,3.548975E-06,1.712011E-06,7.476422E-07,2.876728E-07,9.504897E-08,2.601487E-08,4.915624E-09
13.39472,42.10889,0.00000,2.655846E-04,2.339005E-04,2.013866E-04,1.692131E-04,1.384589E-04,1.100392E-04,8.464867E-05,6.276938E-05,4.466189E-05,3.034516E-05,1.959154E-05,1.195830E-05,6.863030E-06,3.680009E-06,1.827513E-06,8.280045E-07,3.380845E-07,1.228054E-07,3.806567E-08,8.371113E-09
13.39917,42.35250,0.00000,2.229969E-04,1.886877E-04,1.558770E-04,1.255969E-04,9.858488E-05,7.528039E-05,5.584813E-05,4.020154E-05,2.805219E-05,1.895858E-05,1.239073E-05,7.802414E-06,4.701317E-06,2.682883E-06,1.434232E-06,7.092499E-07,3.198607E-07,1.286749E-07,4.319875E-08,1.010502E-08
13.41167,41.94111,0.00000,2.483342E-04,2.192787E-04,1.901171E-04,1.614243E-04,1.337213E-04,1.075809E-04,8.363993E-05,6.252109E-05,4.470302E-05,3.041112E-05,1.957173E-05,1.183945E-05,6.687032E-06,3.500932E-06,1.684671E-06,7.341238E-07,2.815541E-07,9.278218E-08,2.481909E-08,4.593493E-09
13.42444,41.91444,0.00000,2.430095E-04,2.140504E-04,1.851678E-04,1.569201E-04,1.297949E-04,1.043108E-04,8.103457E-05,6.052880E-05,4.323054E-05,2.935466E-05,1.883419E-05,1.134354E-05,6.368715E-06,3.309941E-06,1.578167E-06,6.760216E-07,2.550590E-07,8.270368E-08,2.078686E-08,3.634978E-09
13.42750,42.03528,0.00000,2.652996E-04,2.352363E-04,2.043825E-04,1.736485E-04,1.438748E-04,1.158197E-04,9.018464E-05,6.758618E-05,4.849037E-05,3.312812E-05,2.143057E-05,1.304954E-05,7.426242E-06,3.913742E-06,1.887929E-06,8.222472E-07,3.187922E-07,1.047924E-07,2.525037E-08,3.284471E-09
13.45806,41.86528,0.00000,2.316815E-04,2.027034E-04,1.742157E-04,1.468442E-04,1.210569E-04,9.721494E-05,7.564548E-05,5.667552E-05,4.059746E-05,2.759772E-05,1.767127E-05,1.058218E-05,5.882825E-06,3.010693E-06,1.400482E-06,5.809717E-07,2.085269E-07,6.277197E-08,1.461335E-08,2.166709E-09
13.47028,41.96083,0.00000,2.575433E-04,2.290155E-04,2.000119E-04,1.711180E-04,1.428424E-04,1.157481E-04,9.052569E-05,6.793881E-05,4.866618E-05,3.311029E-05,2.129476E-05,1.287619E-05,7.272473E-06,3.805697E-06,1.828958E-06,7.966245E-07,3.092418E-07,1.027475E-07,2.654624E-08,4.107693E-09
13.47278,41.88667,0.00000,2.393438E-04,2.107817E-04,1.824517E-04,1.549384E-04,1.286840E-04,1.040695E-04,8.149412E-05,6.140251E-05,4.421329E-05,3.021494E-05,1.946097E-05,1.173146E-05,6.572091E-06,3.392398E-06,1.595339E-06,6.720033E-07,2.457304E-07,7.615645E-08,1.793235E-08,2.572208E-09
13.47556,42.28667,0.00000,2.367869E-04,2.011643E-04,1.666521E-04,1.346179E-04,1.060202E-04,8.136467E-05,6.076003E-05,4.404847E-05,3.089989E-05,2.088424E-05,1.352704E-05,8.336802E-06,4.847756E-06,2.630880E-06,1.317764E-06,6.002419E-07,2.445663E-07,8.612994E-08,2.276997E-08,3.048993E-09
13.47861,42.54861,0.00000,1.594159E-04,1.285586E-04,1.015591E-04,7.858884E-05,5.950046E-05,4.398439E-05,3.166331E-05,2.213535E-05,1.497749E-05,9.767090E-06,6.103799E-06,3.628331E-06,2.030199E-06,1.056392E-06,5.047817E-07,2.187812E-07,8.340125E-08,2.582138E-08,4.627441E-09,1.378992E-10
13.48889,42.23667,0.00000,2.486240E-04,2.132384E-04,1.782785E-04,1.452670E-04,1.153436E-04,8.917751E-05,6.701652E-05,4.881107E-05,3.432373E-05,2.319519E-05,1.498519E-05,9.200634E-06,5.329105E-06,2.888358E-06,1.451313E-06,6.685588E-07,2.773860E-07,1.007744E-07,3.067517E-08,6.940924E-09
13.48917,42.29417,0.00000,2.334605E-04,1.976842E-04,1.633080E-04,1.316678E-04,1.036357E-04,7.960613E-05,5.958673E-05,4.335347E-05,3.054986E-05,2.075251E-05,1.351185E-05,8.368295E-06,4.886403E-06,2.660927E-06,1.335419E-06,6.090621E-07,2.478596E-07,8.699445E-08,2.280353E-08,2.664394E-09
13.51472,42.13583,0.00000,2.653147E-04,2.319500E-04,1.978161E-04,1.644410E-04,1.331340E-04,1.048412E-04,8.012317E-05,5.922221E-05,4.215188E-05,2.874988E-05,1.869379E-05,1.152720E-05,6.698891E-06,3.639968E-06,1.831618E-06,8.439973E-07,3.498377E-07,1.289720E-07,3.999774E-08,8.742299E-09
13.52278,42.20611,0.00000,2.527301E-04,2.175794E-04,1.827225E-04,1.497195E-04,1.196920E-04,9.326261E-05,7.065289E-05,5.183454E-05,3.664837E-05,2.484383E-05,1.606380E-05,9.852612E-06,5.697150E-06,3.082012E-06,1.544035E-06,7.097677E-07,2.952766E-07,1.083720E-07,3.391737E-08,7.643708E-09
13.52417,41.83444,0.00000,2.255383E-04,1.968591E-04,1.687319E-04,1.418650E-04,1.167884E-04,9.384379E-05,7.324822E-05,5.517085E-05,3.977563E-05,2.719983E-05,1.748040E-05,1.046275E-05,5.780561E-06,2.921741E-06,1.330479E-06,5.303375E-07,1.753395E-07,4.595652E-08,7.712387E-09,6.372869E-10
13.52583,42.28917,0.00000,2.309999E-04,1.949570E-04,1.606437E-04,1.293846E-04,1.019527E-04,7.859532E-05,5.918055E-05,4.339076E-05,3.083502E-05,2.111069E-05,1.382409E-05,8.582772E-06,5.002985E-06,2.710865E-06,1.348284E-06,6.064085E-07,2.411393E-07,8.160600E-08,2.023679E-08,2.016114E-09
13.53861,42.27139,0.00000,2.345461E-04,1.984908E-04,1.639886E-04,1.324173E-04,1.046008E-04,8.082393E-05,6.098409E-05,4.478164E-05,3.184337E-05,2.178429E-05,1.422739E-05,8.790810E-06,5.088225E-06,2.731598E-06,1.343625E-06,5.957143E-07,2.320414E-07,7.610830E-08,1.805362E-08,1.647886E-09
13.54000,42.32194,0.00000,2.194543E-04,1.834287E-04,1.498473E-04,1.198641E-04,9.401895E-05,7.233287E-05,5.449528E-05,4.007337E-05,2.862090E-05,1.973263E-05,1.303583E-05,8.183926E-06,4.836934E-06,2.665961E-06,1.355151E-06,6.269145E-07,2.594368E-07,9.237797E-08,2.586308E-08,4.778968E-09
13.54056,41.96028,0.00000,2.598921E-04,2.315492E-04,2.023140E-04,1.729236E-04,1.441002E-04,1.165800E-04,9.111256E-05,6.842732E-05,4.912181E-05,3.353696E-05,2.167065E-05,1.318938E-05,7.517594E-06,3.982937E-06,1.947097E-06,8.676238E-07,3.444746E-07,1.210212E-07,3.545997E-08,7.081047E-09
13.54778,42.08583,0.00000,2.680643E-04,2.362045E-04,2.031239E-04,1.701917E-04,1.387256E-04,1.098185E-04,8.424072E-05,6.242305E-05,4.449990E-05,3.036497E-05,1.972196E-05,1.212079E-05,7.002847E-06,3.773787E-06,1.877512E-06,8.494432E-07,3.442280E-07,1.227464E-07,3.570436E-08,7.259569E-09
13.55278,42.52389,0.00000,1.572292E-04,1.256483E-04,9.829047E-05,7.527493E-05,5.639020E-05,4.126470E-05,2.945777E-05,2.049000E-05,1.386211E-05,9.092706E-06,5.752640E-06,3.483197E-06,1.997363E-06,1.071180E-06,5.305538E-07,2.387778E-07,9.522901E-08,3.173015E-08,7.126820E-09,4.626654E-10
13.55972,42.29222,0.00000,2.257915E-04,1.896230E-04,1.555954E-04,1.249615E-04,9.836315E-05,7.589811E-05,5.730948E-05,4.219448E-05,3.012394E-05,2.070475E-05,1.358458E-05,8.426027E-06,4.891852E-06,2.631252E-06,1.295150E-06,5.742983E-07,2.230797E-07,7.253396E-08,1.684360E-08,1.615561E-09
13.56139,41.81083,0.00000,2.184903E-04,1.899334E-04,1.619906E-04,1.353655E-04,1.106111E-04,8.811129E-05,6.811104E-05,5.077430E-05,3.621616E-05,2.449417E-05,1.556037E-05,9.197992E-06,5.012815E-06,2.493686E-06,1.114961E-06,4.328983E-07,1.369820E-07,3.308342E-08,4.640271E-09,2.331976E-10
13.57639,42.25500,0.00000,2.342230E-04,1.981982E-04,1.638120E-04,1.324261E-04,1.048195E-04,8.122159E-05,6.148995E-05,4.530084E-05,3.228343E-05,2.208563E-05,1.437446E-05,8.815193E-06,5.043259E-06,2.665580E-06,1.284348E-06,5.540380E-07,2.071697E-07,6.355744E-08,1.350322E-08,9.608950E-10
13.58389,41.88750,0.00000,2.431250E-04,2.154231E-04,1.874118E-04,1.597384E-04,1.329769E-04,1.076429E-04,8.425153E-05,6.334289E-05,4.542689E-05,3.086079E-05,1.972385E-05,1.177598E-05,6.519825E-06,3.318393E-06,1.530493E-06,6.281940E-07,2.234515E-07,6.569891E-08,1.393128E-08,1.401617E-09
13.59139,42.08194,0.00000,2.651568E-04,2.333640E-04,2.004052E-04,1.676026E-04,1.362294E-04,1.073661E-04,8.181334E-05,6.006730E-05,4.232132E-05,2.848982E-05,1.824399E-05,1.106249E-05,6.317980E-06,3.375752E-06,1.671782E-06,7.565981E-07,3.098551E-07,1.131628E-07,3.471837E-08,7.626331E-09
13.59167,42.32806,0.00000,2.101977E-04,1.742126E-04,1.412837E-04,1.124167E-04,8.793982E-05,6.765444E-05,5.107743E-05,3.766918E-05,2.695378E-05,1.856002E-05,1.218930E-05,7.564903E-06,4.395899E-06,2.369508E-06,1.171026E-06,5.226439E-07,2.063832E-07,6.872568E-08,1.781542E-08,3.039358E-09
13.60194,42.06639,0.00000,2.650137E-04,2.337102E-04,2.011075E-04,1.684761E-04,1.370913E-04,1.080812E-04,8.231507E-05,6.035623E-05,4.244347E-05,2.851072E-05,1.822324E-05,1.104108E-05,6.312894E-06,3.386199E-06,1.689380E-06,7.740587E-07,3.227233E-07,1.211938E-07,3.919267E-08,9.492632E-09
13.60583,42.23056,0.00000,2.366622E-04,2.009425E-04,1.666702E-04,1.352088E-04,1.073595E-04,8.339577E-05,6.322914E-05,4.658350E-05,3.313254E-05,2.256546E-05,1.457788E-05,8.847562E-06,4.996646E-06,2.600128E-06,1.230955E-06,5.179035E-07,1.870185E-07,5.461984E-08,1.112202E-08,7.884499E-10
13.61139,42.27778,0.00000,2.224386E-04,1.863551E-04,1.526473E-04,1.225022E-04,9.646870E-05,7.454724E-05,5.641020E-05,4.160610E-05,2.969952E-05,2.033350E-05,1.321753E-05,8.072259E-06,4.585675E-06,2.397780E-06,1.137692E-06,4.804615E-07,1.736141E-07,4.995060E-08,9.340232E-09,5.376485E-10
13.61583,41.71944,0.00000,1.841750E-04,1.552373E-04,1.276930E-04,1.021877E-04,7.925850E-05,5.931247E-05,4.260761E-05,2.920776E-05,1.897827E-05,1.160084E-05,6.617523E-06,3.489630E-06,1.682573E-06,7.304465E-07,2.785758E-07,8.762981E-08,2.026088E-08,2.971433E-09,9.960133E-11,0.000000E+00
13.62444,42.00667,0.00000,2.624582E-04,2.329666E-04,2.019044E-04,1.703427E-04,1.395050E-04,1.105895E-04,8.459988E-05,6.223714E-05,4.386415E-05,2.950076E-05,1.885935E-05,1.142226E-05,6.532749E-06,3.509021E-06,1.756263E-06,8.104915E-07,3.404287E-07,1.302771E-07,4.378554E-08,1.175426E-08
13.62556,41.86806,0.00000,2.366903E-04,2.092591E-04,1.815423E-04,1.541430E-04,1.276422E-04,1.026081E-04,7.962267E-05,5.926792E-05,4.203697E-05,2.822072E-05,1.780842E-05,1.048836E-05,5.717539E-06,2.857730E-06,1.294254E-06,5.193930E-07,1.779820E-07,4.934811E-08,9.710517E-09,8.861468E-10
13.62694,42.06194,0.00000,2.626092E-04,2.314301E-04,1.989790E-04,1.664791E-04,1.351720E-04,1.061858E-04,8.042718E-05,5.852019E-05,4.075336E-05,2.707215E-05,1.710602E-05,1.025373E-05,5.811346E-06,3.099214E-06,1.541690E-06,7.089353E-07,2.995447E-07,1.144173E-07,3.804029E-08,9.686207E-09
13.63500,42.20500,0.00000,2.386690E-04,2.034164E-04,1.693533E-04,1.378275E-04,1.096786E-04,8.526500E-05,6.459637E-05,4.747690E-05,3.363239E-05,2.277308E-05,1.459702E-05,8.769929E-06,4.890609E-06,2.504571E-06,1.162286E-06,4.775338E-07,1.654197E-07,4.448934E-08,7.705994E-09,3.789110E-10
13.64472,42.34472,0.00000,1.962899E-04,1.607966E-04,1.290289E-04,1.017350E-04,7.898362E-05,6.036715E-05,4.527767E-05,3.312407E-05,2.344108E-05,1.589932E-05,1.024045E-05,6.205957E-06,3.508663E-06,1.833166E-06,8.737128E-07,3.737571E-07,1.400328E-07,4.407184E-08,1.073434E-08,1.753553E-09
13.64500,41.71167,0.00000,1.806622E-04,1.519511E-04,1.246349E-04,9.932723E-05,7.656308E-05,5.678019E-05,4.028078E-05,2.716094E-05,1.728566E-05,1.030577E-05,5.708729E-06,2.909216E-06,1.346908E-06,5.565171E-07,1.982219E-07,5.654601E-08,1.113752E-08,9.972329E-10,1.428459E-11,7.212001E-14
13.64500,41.95583,0.00000,2.553439E-04,2.270418E-04,1.973062E-04,1.670205E-04,1.372539E-04,1.091149E-04,8.360012E-05,6.147483E-05,4.320011E-05,2.888942E-05,1.831451E-05,1.096705E-05,6.182339E-06,3.266935E-06,1.604540E-06,7.243536E-07,2.978878E-07,1.117456E-07,3.675216E-08,9.668023E-09
13.65639,41.74972,0.00000,1.952035E-04,1.670272E-04,1.397862E-04,1.140530E-04,9.035188E-05,6.915514E-05,5.085907E-05,3.571849E-05,2.379207E-05,1.491795E-05,8.734507E-06,4.733527E-06,2.349633E-06,1.053638E-06,4.176147E-07,1.387239E-07,3.544854E-08,5.648748E-09,2.293050E-10,3.561170E-12
13.65778,42.28694,0.00000,2.118523E-04,1.760628E-04,1.431979E-04,1.142534E-04,8.956294E-05,6.894621E-05,5.196186E-05,3.811035E-05,2.696934E-05,1.823009E-05,1.164781E-05,6.963240E-06,3.856503E-06,1.956211E-06,8.951240E-07,3.608697E-07,1.219998E-07,3.176171E-08,5.133535E-09,3.143205E-10
13.66194,42.50306,0.00000,1.464745E-04,1.149295E-04,8.822579E-05,6.635515E-05,4.892217E-05,3.534056E-05,2.497363E-05,1.721068E-05,1.151376E-05,7.430564E-06,4.588872E-06,2.685344E-06,1.472937E-06,7.471863E-07,3.458626E-07,1.434226E-07,5.151444E-08,1.397625E-08,2.090488E-09,1.010884E-10
13.66333,42.02806,0.00000,2.589193E-04,2.287932E-04,1.972271E-04,1.653193E-04,1.342982E-04,1.053672E-04,7.955582E-05,5.759482E-05,3.984693E-05,2.627375E-05,1.647751E-05,9.814069E-06,5.538486E-06,2.951720E-06,1.476139E-06,6.850541E-07,2.937164E-07,1.155369E-07,4.029488E-08,1.080219E-08
13.67444,42.25111,0.00000,2.193438E-04,1.837653E-04,1.505913E-04,1.209243E-04,9.524745E-05,7.354187E-05,5.549573E-05,4.068801E-05,2.873985E-05,1.935781E-05,1.229996E-05,7.297598E-06,4.002538E-06,2.005632E-06,9.038775E-07,3.557926E-07,1.153997E-07,2.792367E-08,3.792487E-09,1.872630E-10
13.67611,41.67139,0.00000,1.634196E-04,1.347541E-04,1.079639E-04,8.365717E-05,6.234588E-05,4.441597E-05,3.005209E-05,1.917899E-05,1.146194E-05,6.366045E-06,3.256155E-06,1.515862E-06,6.290076E-07,2.259276E-07,6.792538E-08,1.457671E-08,1.430601E-09,9.133890E-11,5.114049E-12,0.000000E+00
13.67861,41.73889,0.00000,1.900784E-04,1.619882E-04,1.349248E-04,1.094408E-04,8.605070E-05,6.523091E-05,4.738653E-05,3.277199E-05,2.142548E-05,1.314198E-05,7.504373E-06,3.953639E-06,1.901574E-06,8.222113E-07,3.095469E-07,9.664612E-08,2.322714E-08,3.160009E-09,1.200978E-10,4.920253E-12
13.67972,42.15667,0.00000,2.419574E-04,2.078428E-04,1.742969E-04,1.426152E-04,1.137402E-04,8.825390E-05,6.642407E-05,4.828431E-05,3.370229E-05,2.242325E-05,1.410157E-05,8.306009E-06,4.537403E-06,2.277290E-06,1.033854E-06,4.133672E-07,1.394883E-07,3.653878E-08,5.143855E-09,3.801525E-10
13.68500,42.30028,0.00000,2.028317E-04,1.673722E-04,1.352511E-04,1.072901E-04,8.364821E-05,6.402063E-05,4.790659E-05,3.480438E-05,2.432287E-05,1.618545E-05,1.015214E-05,5.944220E-06,3.217796E-06,1.590781E-06,7.072414E-07,2.751161E-07,8.890864E-08,2.207070E-08,3.572946E-09,2.617287E-10
13.68722,41.93583,0.00000,2.480757E-04,2.202039E-04,1.910102E-04,1.613003E-04,1.320955E-04,1.044917E-04,7.949997E-05,5.791806E-05,4.021964E-05,2.650443E-05,1.650866E-05,9.682522E-06,5.325835E-06,2.729665E-06,1.292588E-06,5.607883E-07,2.197137E-07,7.730769E-08,2.374780E-08,5.488321E-09
13.68889,42.31139,0.00000,1.987134E-04,1.633704E-04,1.315602E-04,1.040320E-04,8.087420E-05,6.172844E-05,4.606155E-05,3.336073E-05,2.323362E-05,1.540363E-05,9.625667E-06,5.615742E-06,3.030404E-06,1.494312E-06,6.632316E-07,2.576426E-07,8.374463E-08,2.125316E-08,3.765162E-09,3.377952E-10
13.69389,41.95556,0.00000,2.502502E-04,2.219936E-04,1.922724E-04,1.619643E-04,1.321927E-04,1.041512E-04,7.890937E-05,5.726518E-05,3.964569E-05,2.608296E-05,1.624934E-05,9.554753E-06,5.285546E-06,2.735071E-06,1.312795E-06,5.791592E-07,2.324289E-07,8.435440E-08,2.685800E-08,6.417492E-09
13.69611,42.32694,0.00000,1.925907E-04,1.574755E-04,1.261526E-04,9.926262E-05,7.679827E-05,5.833572E-05,4.330618E-05,3.118636E-05,2.158305E-05,1.421405E-05,8.822492E-06,5.113608E-06,2.742971E-06,1.345769E-06,5.947140E-07,2.302008E-07,7.537384E-08,1.953380E-08,3.695836E-09,4.084760E-10
13.69778,41.69583,0.00000,1.722276E-04,1.438968E-04,1.171162E-04,9.245768E-05,7.042797E-05,5.145234E-05,3.581760E-05,2.359511E-05,1.460293E-05,8.428747E-06,4.501185E-06,2.203177E-06,9.743742E-07,3.774471E-07,1.249737E-07,3.381138E-08,5.984143E-09,5.224730E-10,3.880569E-11,1.924885E-12
13.70222,42.12694,0.00000,2.433403E-04,2.100590E-04,1.769605E-04,1.452885E-04,1.160440E-04,8.994717E-05,6.743380E-05,4.869271E-05,3.369286E-05,2.220389E-05,1.383580E-05,8.087684E-06,4.396980E-06,2.202212E-06,1.002155E-06,4.052070E-07,1.402433E-07,3.932160E-08,6.905796E-09,6.001126E-10
13.71250,41.63250,0.00000,1.459775E-04,1.176993E-04,9.187200E-05,6.907944E-05,4.974876E-05,3.411038E-05,2.212687E-05,1.349012E-05,7.677239E-06,4.046738E-06,1.957292E-06,8.546891E-07,3.284533E-07,1.094991E-07,2.948287E-08,5.323708E-09,4.800259E-10,4.533929E-11,2.846660E-12,0.000000E+00
13.71389,41.68278,0.00000,1.660677E-04,1.378072E-04,1.112862E-04,8.707605E-05,6.566604E-05,4.744342E-05,3.263101E-05,2.122178E-05,1.296030E-05,7.380032E-06,3.888585E-06,1.879366E-06,8.193000E-07,3.128784E-07,1.031384E-07,2.790254E-08,5.194870E-09,5.177888E-10,4.019269E-11,2.008527E-12
13.71750,42.17722,0.00000,2.299463E-04,1.954799E-04,1.623332E-04,1.317328E-04,1.044534E-04,8.083712E-05,6.088439E-05,4.440275E-05,3.112560E-05,2.077845E-05,1.308175E-05,7.693852E-06,4.187929E-06,2.086351E-06,9.363110E-07,3.670159E-07,1.195436E-07,3.001119E-08,4.725749E-09,5.087398E-10
13.72583,41.62278,0.00000,1.413528E-04,1.132761E-04,8.780921E-05,6.551476E-05,4.678190E-05,3.178358E-05,2.041769E-05,1.232211E-05,6.938097E-06,3.617171E-06,1.728452E-06,7.445832E-07,2.821871E-07,9.254612E-08,2.432090E-08,4.286394E-09,3.771056E-10,3.648650E-11,2.244834E-12,0.000000E+00
13.72667,42.36500,0.00000,1.752077E-04,1.410258E-04,1.111940E-04,8.606146E-05,6.541334E-05,4.872179E-05,3.538374E-05,2.486935E-05,1.677126E-05,1.075420E-05,6.497873E-06,3.668682E-06,1.917661E-06,9.166441E-07,3.937515E-07,1.492517E-07,4.766877E-08,1.210162E-08,2.316186E-09,2.202150E-10
13.72861,41.99889,0.00000,2.484164E-04,2.190654E-04,1.883810E-04,1.573339E-04,1.271095E-04,9.894015E-05,7.391247E-05,5.280127E-05,3.595680E-05,2.328347E-05,1.431259E-05,8.337051E-06,4.591331E-06,2.380813E-06,1.155354E-06,5.210377E-07,2.155798E-07,8.178628E-08,2.715041E-08,6.537103E-09
13.72944,42.23917,0.00000,2.117995E-04,1.768454E-04,1.445113E-04,1.157463E-04,9.089782E-05,6.987426E-05,5.235498E-05,3.796230E-05,2.638853E-05,1.740057E-05,1.077259E-05,6.198684E-06,3.280559E-06,1.576324E-06,6.731561E-07,2.470801E-07,7.226507E-08,1.398467E-08,1.377786E-09,9.474681E-11
13.73278,42.12972,0.00000,2.365125E-04,2.031677E-04,1.703479E-04,1.392780E-04,1.109029E-04,8.583693E-05,6.437650E-05,4.657768E-05,3.232347E-05,2.135860E-05,1.333058E-05,7.792741E-06,4.232243E-06,2.113603E-06,9.552065E-07,3.820610E-07,1.298690E-07,3.561771E-08,6.521760E-09,6.819915E-10
13.73528,42.14833,0.00000,2.323843E-04,1.985798E-04,1.656910E-04,1.349439E-04,1.072056E-04,8.295858E-05,6.234625E-05,4.529339E-05,3.160138E-05,2.099958E-05,1.317406E-05,7.733654E-06,4.212755E-06,2.105868E-06,9.511314E-07,3.790810E-07,1.271928E-07,3.407339E-08,6.366504E-09,7.593314E-10
13.74194,41.68861,0.00000,1.662536E-04,1.382707E-04,1.120154E-04,8.804419E-05,6.682381E-05,4.871267E-05,3.390909E-05,2.240129E-05,1.395478E-05,8.143472E-06,4.422058E-06,2.218507E-06,1.015714E-06,4.156548E-07,1.488206E-07,4.567492E-08,1.144731E-08,1.860830E-09,1.179543E-10,5.709934E-12
13.74361,42.11611,0.00000,2.365095E-04,2.035541E-04,1.709779E-04,1.399841E-04,1.115404E-04,8.631049E-05,6.465230E-05,4.667534E-05,3.229858E-05,2.127640E-05,1.324117E-05,7.723178E-06,4.189022E-06,2.092601E-06,9.468688E-07,3.795749E-07,1.309171E-07,3.671979E-08,6.899185E-09,6.737360E-10
13.75667,41.92306,0.00000,2.361050E-04,2.084959E-04,1.798485E-04,1.509080E-04,1.226664E-04,9.620389E-05,7.250241E-05,5.228518E-05,3.591519E-05,2.338220E-05,1.435271E-05,8.261755E-06,4.432381E-06,2.197494E-06,9.957049E-07,4.047684E-07,1.442270E-07,4.443387E-08,1.058718E-08,1.692098E-09
13.75944,42.32778,0.00000,1.800511E-04,1.458929E-04,1.157710E-04,9.007283E-05,6.864975E-05,5.108118E-05,3.687869E-05,2.561591E-05,1.695819E-05,1.059713E-05,6.189861E-06,3.348546E-06,1.658675E-06,7.410000E-07,2.918953E-07,9.609363E-08,2.462915E-08,4.850794E-09,5.960517E-10,2.724214E-11
13.76889,42.26861,0.00000,1.952692E-04,1.608979E-04,1.298626E-04,1.027782E-04,7.969123E-05,6.033393E-05,4.433396E-05,3.134846E-05,2.112111E-05,1.342409E-05,7.969119E-06,4.373667E-06,2.193980E-06,9.893859E-07,3.912467E-07,1.298676E-07,3.162194E-08,4.299218E-09,4.338046E-10,3.236857E-11
13.77167,42.18500,0.00000,2.160928E-04,1.819613E-04,1.498525E-04,1.208079E-04,9.535946E-05,7.359891E-05,5.533242E-05,4.026621E-05,2.811664E-05,1.865475E-05,1.165059E-05,6.789233E-06,3.656830E-06,1.800209E-06,7.969527E-07,3.088244E-07,9.940205E-08,2.553339E-08,5.075538E-09,5.969394E-10
13.77500,42.08222,0.00000,2.343253E-04,2.024066E-04,1.706240E-04,1.401073E-04,1.118520E-04,8.661034E-05,6.485302E-05,4.678340E-05,3.236818E-05,2.136230E-05,1.336418E-05,7.868121E-06,4.327453E-06,2.204241E-06,1.024110E-06,4.259696E-07,1.553222E-07,4.776830E-08,9.962393E-09,9.596225E-10
13.77639,42.03167,0.00000,2.384411E-04,2.080968E-04,1.771546E-04,1.466207E-04,1.175591E-04,9.097302E-05,6.768227E-05,4.823054E-05,3.280522E-05,2.123021E-05,1.302639E-05,7.546245E-06,4.103470E-06,2.075762E-06,9.691864E-07,4.126902E-07,1.577570E-07,5.181396E-08,1.296264E-08,1.847968E-09
13.77639,42.33333,0.00000,1.749747E-04,1.411545E-04,1.114739E-04,8.624545E-05,6.528641E-05,4.817530E-05,3.443301E-05,2.363764E-05,1.544202E-05,9.507707E-06,5.463145E-06,2.902321E-06,1.408547E-06,6.143235E-07,2.348339E-07,7.356054E-08,1.770556E-08,3.254721E-09,3.516675E-10,1.220656E-11
13.77917,42.22306,0.00000,2.051227E-04,1.708800E-04,1.393794E-04,1.114400E-04,8.731751E-05,6.688494E-05,4.983246E-05,3.583395E-05,2.463274E-05,1.602716E-05,9.779852E-06,5.544193E-06,2.891185E-06,1.370274E-06,5.784238E-07,2.095791E-07,6.182820E-08,1.383004E-08,2.072354E-09,2.541259E-10
13.78944,41.81111,0.00000,2.037008E-04,1.767781E-04,1.503011E-04,1.247649E-04,1.006868E-04,7.860406E-05,5.903562E-05,4.240136E-05,2.894543E-05,1.865797E-05,1.128130E-05,6.351496E-06,3.300207E-06,1.567535E-06,6.700170E-07,2.506015E-07,7.834571E-08,1.932192E-08,3.259522E-09,1.612332E-10
13.79861,41.66056,0.00000,1.500824E-04,1.226046E-04,9.741862E-05,7.502522E-05,5.577282E-05,3.983891E-05,2.720502E-05,1.765958E-05,1.083099E-05,6.235479E-06,3.345106E-06,1.659130E-06,7.517208E-07,3.041283E-07,1.068323E-07,3.239622E-08,7.456896E-09,7.545767E-10,4.933088E-11,2.553524E-12
13.80444,41.99361,0.00000,2.326627E-04,2.034292E-04,1.735403E-04,1.438801E-04,1.154756E-04,8.935874E-05,6.640743E-05,4.721310E-05,3.198731E-05,2.057230E-05,1.250625E-05,7.151031E-06,3.823035E-06,1.895401E-06,8.618805E-07,3.555824E-07,1.300129E-07,4.014082E-08,9.892084E-09,1.421057E-09
13.81306,41.70917,0.00000,1.662207E-04,1.388801E-04,1.133238E-04,9.007834E-05,6.955314E-05,5.200878E-05,3.752780E-05,2.601652E-05,1.723398E-05,1.083732E-05,6.422420E-06,3.556522E-06,1.826262E-06,8.608661E-07,3.642443E-07,1.335697E-07,4.128777E-08,1.022220E-08,1.172112E-09,4.654947E-11
13.81361,42.10361,0.00000,2.217420E-04,1.893541E-04,1.579558E-04,1.286417E-04,1.022245E-04,7.915933E-05,5.958284E-05,4.341783E-05,3.045307E-05,2.040920E-05,1.296163E-05,7.733641E-06,4.296912E-06,2.199859E-06,1.023050E-06,4.241578E-07,1.505611E-07,4.377254E-08,8.541170E-09,8.793382E-10
13.81639,42.12556,0.00000,2.173535E-04,1.845126E-04,1.530907E-04,1.241547E-04,9.840509E-05,7.614191E-05,5.735232E-05,4.185510E-05,2.939346E-05,1.970094E-05,1.249184E-05,7.429161E-06,4.105371E-06,2.085874E-06,9.609554E-07,3.927308E-07,1.367983E-07,3.870270E-08,7.563535E-09,7.790809E-10
13.82417,42.44167,0.00000,1.347768E-04,1.040453E-04,7.847587E-05,5.789390E-05,4.175245E-05,2.934390E-05,1.998179E-05,1.308509E-05,8.166882E-06,4.815427E-06,2.658258E-06,1.359981E-06,6.359500E-07,2.666051E-07,9.772644E-08,2.995171E-08,7.208701E-09,1.109633E-09,7.541603E-11,5.012442E-12
13.82944,42.21250,0.00000,1.957763E-04,1.623470E-04,1.318861E-04,1.050395E-04,8.194868E-05,6.243625E-05,4.620228E-05,3.295726E-05,2.246789E-05,1.451838E-05,8.823070E-06,5.003339E-06,2.626047E-06,1.261566E-06,5.463973E-07,2.088063E-07,6.793875E-08,1.924430E-08,3.989516E-09,4.453758E-10
13.83028,41.78250,0.00000,1.881174E-04,1.611071E-04,1.351742E-04,1.108450E-04,8.857302E-05,6.872646E-05,5.155721E-05,3.719687E-05,2.564687E-05,1.677762E-05,1.033345E-05,5.940634E-06,3.160141E-06,1.539908E-06,6.775747E-07,2.612406E-07,8.264650E-08,2.119701E-08,3.530351E-09,1.687736E-10
13.83500,42.17139,0.00000,2.035951E-04,1.704028E-04,1.396389E-04,1.121414E-04,8.826076E-05,6.795298E-05,5.096538E-05,3.699856E-05,2.578428E-05,1.710312E-05,1.071031E-05,6.278487E-06,3.415230E-06,1.707113E-06,7.728362E-07,3.095154E-07,1.065204E-07,3.060969E-08,6.437641E-09,6.458126E-10
13.83639,42.05917,0.00000,2.215432E-04,1.904552E-04,1.599335E-04,1.309788E-04,1.044297E-04,8.087799E-05,6.066036E-05,4.389187E-05,3.049091E-05,2.021858E-05,1.271034E-05,7.516662E-06,4.144924E-06,2.108210E-06,9.778529E-07,4.051733E-07,1.453063E-07,4.244467E-08,7.747802E-09,6.973260E-10
13.83722,41.93694,0.00000,2.215043E-04,1.936504E-04,1.654055E-04,1.374508E-04,1.106512E-04,8.593478E-05,6.413884E-05,4.583321E-05,3.123144E-05,2.020028E-05,1.233111E-05,7.053615E-06,3.750910E-06,1.837420E-06,8.200074E-07,3.260626E-07,1.098692E-07,2.940273E-08,5.544918E-09,4.281984E-10
13.84222,42.12528,0.00000,2.106950E-04,1.781216E-04,1.472873E-04,1.191725E-04,9.436472E-05,7.305001E-05,5.513130E-05,4.037353E-05,2.849394E-05,1.922670E-05,1.229688E-05,7.388815E-06,4.131585E-06,2.128559E-06,9.973761E-07,4.171587E-07,1.493470E-07,4.397631E-08,9.419928E-09,9.236896E-10
13.85028,41.67139,0.00000,1.478909E-04,1.209641E-04,9.644467E-05,7.475925E-05,5.616355E-05,4.073958E-05,2.840429E-05,1.893141E-05,1.198544E-05,7.158182E-06,3.998764E-06,2.072947E-06,9.870304E-07,4.235725E-07,1.589403E-07,5.052368E-08,1.272013E-08,1.626152E-09,5.081624E-11,2.641846E-12
13.86222,42.02306,0.00000,2.173603E-04,1.873944E-04,1.578838E-04,1.297025E-04,1.036276E-04,8.026863E-05,6.004885E-05,4.319298E-05,2.972065E-05,1.945281E-05,1.203517E-05,6.990222E-06,3.778389E-06,1.880595E-06,8.502473E-07,3.439104E-07,1.202144E-07,3.330872E-08,6.177125E-09,4.151803E-10
13.86222,42.33333,0.00000,1.568850E-04,1.245996E-04,9.662686E-05,7.309140E-05,5.378015E-05,3.831289E-05,2.624846E-05,1.715521E-05,1.059858E-05,6.126532E-06,3.280011E-06,1.608625E-06,7.119392E-07,2.770890E-07,8.896458E-08,2.088065E-08,3.332321E-09,3.214543E-10,1.755871E-11,0.000000E+00
13.86250,42.31861,0.00000,1.608497E-04,1.284126E-04,1.001423E-04,7.619735E-05,5.639998E-05,4.041673E-05,2.784956E-05,1.830496E-05,1.137546E-05,6.617757E-06,3.567588E-06,1.762831E-06,7.871054E-07,3.101525E-07,1.020088E-07,2.500785E-08,4.057065E-09,4.230881E-10,3.547260E-11,0.000000E+00
13.86722,41.64694,0.00000,1.372077E-04,1.106601E-04,8.683614E-05,6.609052E-05,4.859896E-05,3.436989E-05,2.325281E-05,1.495952E-05,9.091804E-06,5.182736E-06,2.747521E-06,1.342844E-06,5.964791E-07,2.350222E-07,7.959746E-08,2.230572E-08,4.356896E-09,3.203225E-10,7.150382E-12,0.000000E+00
13.87417,42.27583,0.00000,1.694887E-04,1.369835E-04,1.082746E-04,8.359554E-05,6.284034E-05,4.576576E-05,3.207448E-05,2.146695E-05,1.361324E-05,8.111107E-06,4.500639E-06,2.303888E-06,1.074885E-06,4.499969E-07,1.638196E-07,4.890780E-08,1.154433E-08,1.774650E-09,1.995032E-10,1.385317E-11
13.87611,42.10028,0.00000,2.056023E-04,1.738492E-04,1.438573E-04,1.165312E-04,9.240554E-05,7.164797E-05,5.417291E-05,3.976319E-05,2.815713E-05,1.909590E-05,1.230247E-05,7.464121E-06,4.226285E-06,2.211061E-06,1.057370E-06,4.539665E-07,1.689859E-07,5.265799E-08,1.232562E-08,1.535311E-09
13.88278,41.90472,0.00000,2.061385E-04,1.787694E-04,1.517458E-04,1.256327E-04,1.010485E-04,7.862529E-05,5.892600E-05,4.233763E-05,2.901821E-05,1.886656E-05,1.156170E-05,6.628823E-06,3.525077E-06,1.724333E-06,7.677304E-07,3.043321E-07,1.021801E-07,2.725959E-08,5.837960E-09,1.048190E-09
13.88639,42.25472,0.00000,1.717927E-04,1.394370E-04,1.107410E-04,8.596307E-05,6.501890E-05,4.768181E-05,3.368269E-05,2.275107E-05,1.458713E-05,8.811719E-06,4.975732E-06,2.605125E-06,1.251178E-06,5.440924E-07,2.094873E-07,6.887101E-08,1.911446E-08,3.545595E-09,4.031978E-10,3.819122E-11
13.88694,42.12583,0.00000,1.985897E-04,1.665934E-04,1.368866E-04,1.102742E-04,8.712741E-05,6.743764E-05,5.097954E-05,3.744897E-05,2.655348E-05,1.804047E-05,1.165165E-05,7.094161E-06,4.038754E-06,2.130341E-06,1.030257E-06,4.490310E-07,1.712320E-07,5.621516E-08,1.456654E-08,2.083963E-09
13.89750,42.23667,0.00000,1.733078E-04,1.411132E-04,1.124794E-04,8.768612E-05,6.666263E-05,4.918465E-05,3.499477E-05,2.383873E-05,1.544172E-05,9.446174E-06,5.419321E-06,2.894336E-06,1.425925E-06,6.399181E-07,2.571917E-07,9.058363E-08,2.771467E-08,6.363409E-09,7.793660E-10,5.578040E-11
13.89972,42.00917,0.00000,2.074993E-04,1.780461E-04,1.494637E-04,1.225161E-04,9.782657E-05,7.584327E-05,5.685863E-05,4.101379E-05,2.830721E-05,1.857889E-05,1.152259E-05,6.707902E-06,3.635141E-06,1.815679E-06,8.254689E-07,3.353331E-07,1.183394E-07,3.460908E-08,7.080925E-09,6.579882E-10
13.91361,42.21472,0.00000,1.741503E-04,1.422291E-04,1.137740E-04,8.908833E-05,6.811070E-05,5.060881E-05,3.632425E-05,2.501022E-05,1.641487E-05,1.020674E-05,5.977076E-06,3.275542E-06,1.667100E-06,7.791560E-07,3.293196E-07,1.252200E-07,4.225373E-08,1.132125E-08,1.819341E-09,9.349345E-11
13.92472,42.05028,0.00000,1.978290E-04,1.675748E-04,1.390101E-04,1.128968E-04,8.969152E-05,6.956741E-05,5.250717E-05,3.838213E-05,2.701446E-05,1.818621E-05,1.163041E-05,7.014096E-06,3.958030E-06,2.072833E-06,9.984801E-07,4.360932E-07,1.676270E-07,5.519323E-08,1.553062E-08,3.074552E-09
13.93556,41.77778,0.00000,1.660638E-04,1.395759E-04,1.151983E-04,9.333801E-05,7.415387E-05,5.759867E-05,4.351897E-05,3.175847E-05,2.219353E-05,1.471947E-05,9.183522E-06,5.343911E-06,2.874603E-06,1.413688E-06,6.254834E-07,2.420989E-07,7.880640E-08,2.077479E-08,3.425628E-09,4.577174E-10
13.94250,41.76722,0.00000,1.618147E-04,1.354430E-04,1.113201E-04,8.981610E-05,7.105356E-05,5.495302E-05,4.133978E-05,3.003727E-05,2.090224E-05,1.380622E-05,8.578731E-06,4.970204E-06,2.660081E-06,1.300394E-06,5.712139E-07,2.189856E-07,7.004508E-08,1.766568E-08,2.660368E-09,3.024762E-10
13.96083,41.97556,0.00000,1.902292E-04,1.618412E-04,1.349309E-04,1.100479E-04,8.757107E-05,6.774392E-05,5.070911E-05,3.653180E-05,2.518439E-05,1.651402E-05,1.024266E-05,5.973420E-06,3.253458E-06,1.640448E-06,7.562029E-07,3.150589E-07,1.163024E-07,3.655408E-08,9.155871E-09,1.271049E-09
13.96222,42.17833,0.00000,1.689051E-04,1.379476E-04,1.104533E-04,8.670037E-05,6.658745E-05,4.983629E-05,3.614596E-05,2.525222E-05,1.690528E-05,1.079601E-05,6.553105E-06,3.767699E-06,2.040819E-06,1.033423E-06,4.853084E-07,2.105706E-07,8.372751E-08,2.882416E-08,8.098779E-09,1.258692E-09
13.97750,41.93389,0.00000,1.836040E-04,1.560445E-04,1.300478E-04,1.060656E-04,8.440557E-05,6.528194E-05,4.883060E-05,3.512486E-05,2.414901E-05,1.576869E-05,9.716121E-06,5.614267E-06,3.022719E-06,1.502691E-06,6.815807E-07,2.776218E-07,1.000734E-07,3.072984E-08,7.592450E-09,1.492947E-09
13.99056,41.75972,0.00000,1.498042E-04,1.239533E-04,1.007029E-04,8.029381E-05,6.273595E-05,4.787795E-05,3.550822E-05,2.541692E-05,1.741960E-05,1.133217E-05,6.936167E-06,3.957987E-06,2.085929E-06,1.005161E-06,4.353028E-07,1.631355E-07,5.122068E-08,1.269571E-08,1.849283E-09,2.004577E-10
13.99389,42.05222,0.00000,1.776750E-04,1.481637E-04,1.211426E-04,9.715287E-05,7.640089E-05,5.883843E-05,4.425614E-05,3.237495E-05,2.290555E-05,1.557335E-05,1.010421E-05,6.211920E-06,3.596251E-06,1.949414E-06,9.810946E-07,4.506780E-07,1.856124E-07,6.874711E-08,2.216803E-08,5.599401E-09
14.00083,42.15944,0.00000,1.619392E-04,1.317603E-04,1.051135E-04,8.222344E-05,6.294924E-05,4.699314E-05,3.403494E-05,2.379280E-05,1.598990E-05,1.029986E-05,6.349448E-06,3.741259E-06,2.099107E-06,1.115448E-06,5.584429E-07,2.615241E-07,1.128004E-07,4.413750E-08,1.472610E-08,3.388452E-09
14.01333,42.00583,0.00000,1.746491E-04,1.460974E-04,1.197991E-04,9.621221E-05,7.555453E-05,5.787488E-05,4.310207E-05,3.108829E-05,2.161478E-05,1.441436E-05,9.169841E-06,5.528435E-06,3.138126E-06,1.666999E-06,8.206837E-07,3.687566E-07,1.482570E-07,5.263188E-08,1.586925E-08,3.375584E-09
14.02889,42.12667,0.00000,1.593362E-04,1.297993E-04,1.037258E-04,8.136345E-05,6.259089E-05,4.709943E-05,3.452705E-05,2.454299E-05,1.684328E-05,1.111466E-05,7.033394E-06,4.257217E-06,2.455399E-06,1.342885E-06,6.908642E-07,3.307854E-07,1.459866E-07,5.872135E-08,2.071094E-08,5.429128E-09
14.03333,41.73556,0.00000,1.350865E-04,1.099310E-04,8.766760E-05,6.840811E-05,5.208176E-05,3.851578E-05,2.750465E-05,1.883267E-05,1.226615E-05,7.535700E-06,4.328753E-06,2.302710E-06,1.124238E-06,4.964639E-07,1.917793E-07,6.263635E-08,1.650235E-08,2.800365E-09,3.761410E-10,2.721346E-12
14.04028,41.74750,0.00000,1.364468E-04,1.112470E-04,8.890904E-05,6.955577E-05,5.312767E-05,3.945817E-05,2.834090E-05,1.955456E-05,1.286224E-05,7.998728E-06,4.662300E-06,2.523028E-06,1.256838E-06,5.687786E-07,2.271168E-07,7.762524E-08,2.148630E-08,4.119320E-09,5.479143E-10,2.320664E-11
14.04500,42.01250,0.00000,1.652190E-04,1.369262E-04,1.112229E-04,8.848702E-05,6.885631E-05,5.230220E-05,3.867951E-05,2.776000E-05,1.925568E-05,1.284920E-05,8.200514E-06,4.972105E-06,2.845849E-06,1.527254E-06,7.605454E-07,3.463637E-07,1.409767E-07,5.087809E-08,1.546949E-08,3.347601E-09
14.06528,41.89056,0.00000,1.554090E-04,1.289945E-04,1.049576E-04,8.354661E-05,6.488175E-05,4.899065E-05,3.582638E-05,2.526275E-05,1.708991E-05,1.102854E-05,6.745979E-06,3.886200E-06,2.094540E-06,1.047375E-06,4.801143E-07,1.983428E-07,7.223437E-08,2.266531E-08,5.470494E-09,1.082690E-09
14.06806,41.87139,0.00000,1.524999E-04,1.263127E-04,1.025484E-04,8.144326E-05,6.311303E-05,4.757812E-05,3.477523E-05,2.454981E-05,1.666089E-05,1.080903E-05,6.658726E-06,3.867588E-06,2.102300E-06,1.061446E-06,4.915259E-07,2.042836E-07,7.436012E-08,2.322408E-08,5.503651E-09,9.725559E-10
14.08056,41.84889,0.00000,1.462916E-04,1.204444E-04,9.715463E-05,7.662976E-05,5.896116E-05,4.413790E-05,3.205563E-05,2.251086E-05,1.521656E-05,9.844287E-06,6.051596E-06,3.507341E-06,1.901243E-06,9.563073E-07,4.397236E-07,1.801350E-07,6.397233E-08,1.907479E-08,4.027688E-09,4.822523E-10
14.13861,41.98500,0.00000,1.393674E-04,1.127384E-04,8.921152E-05,6.894107E-05,5.191197E-05,3.799034E-05,2.695052E-05,1.848089E-05,1.221256E-05,7.749150E-06,4.697448E-06,2.703252E-06,1.466909E-06,7.439093E-07,3.475204E-07,1.468932E-07,5.528957E-08,1.752079E-08,3.959832E-09,3.550996E-10
14.16000,42.00444,0.00000,1.331959E-04,1.067620E-04,8.364782E-05,6.395805E-05,4.762040E-05,3.444384E-05,2.414493E-05,1.636616E-05,1.070458E-05,6.738780E-06,4.068550E-06,2.344816E-06,1.282479E-06,6.586395E-07,3.133686E-07,1.364507E-07,5.366180E-08,1.786238E-08,4.366063E-09,4.650990E-10
14.17222,42.02139,0.00000,1.293599E-04,1.030476E-04,8.020722E-05,6.090444E-05,4.502129E-05,3.232334E-05,2.248914E-05,1.513477E-05,9.838471E-06,6.167352E-06,3.719789E-06,2.151158E-06,1.185178E-06,6.152909E-07,2.971518E-07,1.323715E-07,5.339093E-08,1.834261E-08,4.676316E-09,5.275413E-10
