rlz_id,branch_path,weight
0,br0000~BeA11,8.3819998e-04
1,br0001~BeA11,8.3819998e-04
2,br0002~BeA11,8.3819998e-04
3,br0003~BeA11,8.3819998e-04
4,br0004~BeA11,8.3819998e-04
5,br0005~BeA11,8.3819998e-04
6,br0006~BeA11,8.3819998e-04
7,br0007~BeA11,8.3819998e-04
8,br0008~BeA11,8.3819998e-04
9,br0009~BeA11,8.3819998e-04
10,br0010~BeA11,8.3819998e-04
11,br0011~BeA11,8.3819998e-04
12,br0012~BeA11,8.3819998e-04
13,br0013~BeA11,8.3819998e-04
14,br0014~BeA11,8.3819998e-04
15,br0015~BeA11,8.3819998e-04
16,br0016~BeA11,8.3819998e-04
17,br0017~BeA11,8.3819998e-04
18,br0018~BeA11,8.3819998e-04
19,br0019~BeA11,8.3819998e-04
20,br0020~BeA11,8.3819998e-04
21,br0021~BeA11,8.3819998e-04
22,br0022~BeA11,8.3819998e-04
23,br0023~BeA11,8.3819998e-04
24,br0024~BeA11,8.3819998e-04
25,br0025~BeA11,8.3819998e-04
26,br0026~BeA11,8.3819998e-04
27,br0027~BeA11,8.3819998e-04
28,br0028~BeA11,8.3819998e-04
29,br0029~BeA11,8.3819998e-04
30,br0030~BeA11,8.3819998e-04
31,br0031~BeA11,8.3819998e-04
32,br0032~BeA11,8.3819998e-04
33,br0033~BeA11,8.3819998e-04
34,br0034~BeA11,8.3819998e-04
35,br0035~BeA11,8.3819998e-04
36,br0036~BeA11,8.3819998e-04
37,br0037~BeA11,8.3819998e-04
38,br0038~BeA11,8.3819998e-04
39,br0039~BeA11,8.3819998e-04
40,br0040~BeA11,8.3819998e-04
41,br0041~BeA11,8.3819998e-04
42,br0042~BeA11,8.3819998e-04
43,br0043~BeA11,8.3819998e-04
44,br0044~BeA11,8.3819998e-04
45,br0045~BeA11,8.3819998e-04
46,br0046~BeA11,8.3819998e-04
47,br0047~BeA11,8.3819998e-04
48,br0048~BeA11,8.3819998e-04
49,br0049~BeA11,8.3819998e-04
50,br0050~BeA11,8.3819998e-04
51,br0051~BeA11,8.3819998e-04
52,br0052~BeA11,8.3819998e-04
53,br0053~BeA11,8.3819998e-04
54,br0054~BeA11,8.3819998e-04
55,br0055~BeA11,8.3819998e-04
56,br0056~BeA11,8.3819998e-04
57,br0057~BeA11,8.3819998e-04
58,br0058~BeA11,8.3819998e-04
59,br0059~BeA11,8.3819998e-04
60,br0060~BeA11,8.3819998e-04
61,br0061~BeA11,8.3819998e-04
62,br0062~BeA11,8.3819998e-04
63,br0063~BeA11,8.3819998e-04
64,br0064~BeA11,8.3819998e-04
65,br0065~BeA11,8.3819998e-04
66,br0066~BeA11,8.3819998e-04
67,br0067~BeA11,8.3819998e-04
68,br0068~BeA11,8.3819998e-04
69,br0069~BeA11,8.3819998e-04
70,br0070~BeA11,8.3819998e-04
71,br0071~BeA11,8.3819998e-04
72,br0072~BeA11,8.3819998e-04
73,br0073~BeA11,8.3819998e-04
74,br0074~BeA11,8.3819998e-04
75,br0075~BeA11,8.3819998e-04
76,br0076~BeA11,8.3819998e-04
77,br0077~BeA11,8.3819998e-04
78,br0078~BeA11,8.3819998e-04
79,br0079~BeA11,8.3819998e-04
80,br0080~BeA11,8.3819998e-04
81,br0081~BeA11,8.3819998e-04
82,br0082~BeA11,8.3819998e-04
83,br0083~BeA11,8.3819998e-04
84,br0084~BeA11,8.3819998e-04
85,br0085~BeA11,8.3819998e-04
86,br0086~BeA11,8.3819998e-04
87,br0087~BeA11,8.3819998e-04
88,br0088~BeA11,8.3819998e-04
89,br0089~BeA11,8.3819998e-04
90,br0090~BeA11,8.3819998e-04
91,br0091~BeA11,8.3819998e-04
92,br0092~BeA11,8.3819998e-04
93,br0093~BeA11,8.3819998e-04
94,br0094~BeA11,8.3819998e-04
95,br0095~BeA11,8.3819998e-04
96,br0096~BeA11,8.3819998e-04
97,br0097~BeA11,8.3819998e-04
98,br0098~BeA11,8.3819998e-04
99,br0099~BeA11,8.3819998e-04
100,br0100~BeA11,8.3819998e-04
101,br0101~BeA11,8.3819998e-04
102,br0102~BeA11,8.3819998e-04
103,br0103~BeA11,8.3819998e-04
104,br0104~BeA11,8.3819998e-04
105,br0105~BeA11,8.3819998e-04
106,br0106~BeA11,8.3819998e-04
107,br0107~BeA11,8.3819998e-04
108,br0108~BeA11,8.3819998e-04
109,br0109~BeA11,8.3819998e-04
110,br0110~BeA11,8.3819998e-04
111,br0111~BeA11,8.3819998e-04
112,br0112~BeA11,8.3819998e-04
113,br0113~BeA11,8.3819998e-04
114,br0114~BeA11,8.3819998e-04
115,br0115~BeA11,8.3819998e-04
116,br0116~BeA11,8.3819998e-04
117,br0117~BeA11,8.3819998e-04
118,br0118~BeA11,8.3819998e-04
119,br0119~BeA11,8.3819998e-04
120,br0120~BeA11,8.3819998e-04
121,br0121~BeA11,8.3819998e-04
122,br0122~BeA11,8.3819998e-04
123,br0123~BeA11,8.3819998e-04
124,br0124~BeA11,8.3819998e-04
125,br0125~BeA11,8.3819998e-04
126,br0126~BeA11,8.3819998e-04
127,br0127~BeA11,8.3819998e-04
128,br0128~BeA11,8.3819998e-04
129,br0129~BeA11,8.3819998e-04
130,br0130~BeA11,8.3819998e-04
131,br0131~BeA11,8.3819998e-04
132,br0132~BeA11,8.3819998e-04
133,br0133~BeA11,8.3819998e-04
134,br0134~BeA11,8.3819998e-04
135,br0135~BeA11,8.3819998e-04
136,br0136~BeA11,8.3819998e-04
137,br0137~BeA11,8.3819998e-04
138,br0138~BeA11,8.3819998e-04
139,br0139~BeA11,8.3819998e-04
140,br0140~BeA11,8.3819998e-04
141,br0141~BeA11,8.3819998e-04
142,br0142~BeA11,8.3819998e-04
143,br0143~BeA11,8.3819998e-04
144,br0144~BeA11,8.3819998e-04
145,br0145~BeA11,8.3819998e-04
146,br0146~BeA11,8.3819998e-04
147,br0147~BeA11,8.3819998e-04
148,br0148~BeA11,8.3819998e-04
149,br0149~BeA11,8.3819998e-04
150,br0150~BeA11,8.3819998e-04
151,br0151~BeA11,8.3819998e-04
152,br0152~BeA11,8.3819998e-04
153,br0153~BeA11,8.3819998e-04
154,br0154~BeA11,8.3819998e-04
155,br0155~BeA11,8.3819998e-04
156,br0156~BeA11,8.3819998e-04
157,br0157~BeA11,8.3819998e-04
158,br0158~BeA11,8.3819998e-04
159,br0159~BeA11,8.3819998e-04
160,br0160~BeA11,8.3819998e-04
161,br0161~BeA11,8.3819998e-04
162,br0162~BeA11,8.3819998e-04
163,br0163~BeA11,8.3819998e-04
164,br0164~BeA11,8.3819998e-04
165,br0165~BeA11,8.3819998e-04
166,br0166~BeA11,8.3819998e-04
167,br0167~BeA11,8.3819998e-04
168,br0168~BeA11,8.3819998e-04
169,br0169~BeA11,8.3819998e-04
170,br0170~BeA11,8.3819998e-04
171,br0171~BeA11,8.3819998e-04
172,br0172~BeA11,8.3819998e-04
173,br0173~BeA11,8.3819998e-04
174,br0174~BeA11,8.3819998e-04
175,br0175~BeA11,8.3819998e-04
176,br0176~BeA11,8.3819998e-04
177,br0177~BeA11,8.3819998e-04
178,br0178~BeA11,8.3819998e-04
179,br0179~BeA11,8.3819998e-04
180,br0180~BeA11,8.3819998e-04
181,br0181~BeA11,8.3819998e-04
182,br0182~BeA11,8.3819998e-04
183,br0183~BeA11,8.3819998e-04
184,br0184~BeA11,8.3819998e-04
185,br0185~BeA11,8.3819998e-04
186,br0186~BeA11,8.3819998e-04
187,br0187~BeA11,8.3819998e-04
188,br0188~BeA11,8.3819998e-04
189,br0189~BeA11,8.3819998e-04
190,br0190~BeA11,8.3819998e-04
191,br0191~BeA11,8.3819998e-04
192,br0192~BeA11,8.3819998e-04
193,br0193~BeA11,8.3819998e-04
194,br0194~BeA11,8.3819998e-04
195,br0195~BeA11,8.3819998e-04
196,br0196~BeA11,8.3819998e-04
197,br0197~BeA11,8.3819998e-04
198,br0198~BeA11,8.3819998e-04
199,br0199~BeA11,8.3819998e-04
200,br0200~BeA11,8.3819998e-04
201,br0201~BeA11,8.3819998e-04
202,br0202~BeA11,8.3819998e-04
203,br0203~BeA11,8.3819998e-04
204,br0204~BeA11,8.3819998e-04
205,br0205~BeA11,8.3819998e-04
206,br0206~BeA11,8.3819998e-04
207,br0207~BeA11,8.3819998e-04
208,br0208~BeA11,8.3819998e-04
209,br0209~BeA11,8.3819998e-04
210,br0210~BeA11,8.3819998e-04
211,br0211~BeA11,8.3819998e-04
212,br0212~BeA11,8.3819998e-04
213,br0213~BeA11,8.3819998e-04
214,br0214~BeA11,8.3819998e-04
215,br0215~BeA11,8.3819998e-04
216,br0216~BeA11,8.3819998e-04
217,br0217~BeA11,8.3819998e-04
218,br0218~BeA11,8.3819998e-04
219,br0219~BeA11,8.3819998e-04
220,br0220~BeA11,8.3819998e-04
221,br0221~BeA11,8.3819998e-04
222,br0222~BeA11,8.3819998e-04
223,br0223~BeA11,8.3819998e-04
224,br0224~BeA11,8.3819998e-04
225,br0225~BeA11,8.3819998e-04
226,br0226~BeA11,8.3819998e-04
227,br0227~BeA11,8.3819998e-04
228,br0228~BeA11,8.3819998e-04
229,br0229~BeA11,8.3819998e-04
230,br0230~BeA11,8.3819998e-04
231,br0231~BeA11,8.3819998e-04
232,br0232~BeA11,8.3819998e-04
233,br0233~BeA11,8.3819998e-04
234,br0234~BeA11,8.3819998e-04
235,br0235~BeA11,8.3819998e-04
236,br0236~BeA11,8.3819998e-04
237,br0237~BeA11,8.3819998e-04
238,br0238~BeA11,8.3819998e-04
239,br0239~BeA11,8.3819998e-04
240,br0240~BeA11,8.3819998e-04
241,br0241~BeA11,8.3819998e-04
242,br0242~BeA11,8.3819998e-04
243,br0243~BeA11,8.3819998e-04
244,br0244~BeA11,8.3819998e-04
245,br0245~BeA11,8.3819998e-04
246,br0246~BeA11,8.3819998e-04
247,br0247~BeA11,8.3819998e-04
248,br0248~BeA11,8.3819998e-04
249,br0249~BeA11,8.3819998e-04
250,br0250~BeA11,8.3819998e-04
251,br0251~BeA11,8.3819998e-04
252,br0252~BeA11,8.3819998e-04
253,br0253~BeA11,8.3819998e-04
254,br0254~BeA11,8.3819998e-04
255,br0255~BeA11,8.3819998e-04
256,br0256~BeA11,8.3819998e-04
257,br0257~BeA11,8.3819998e-04
258,br0258~BeA11,8.3819998e-04
259,br0259~BeA11,8.3819998e-04
260,br0260~BeA11,8.3819998e-04
261,br0261~BeA11,8.3819998e-04
262,br0262~BeA11,8.3819998e-04
263,br0263~BeA11,8.3819998e-04
264,br0264~BeA11,8.3819998e-04
265,br0265~BeA11,8.3819998e-04
266,br0266~BeA11,8.3819998e-04
267,br0267~BeA11,8.3819998e-04
268,br0268~BeA11,8.3819998e-04
269,br0269~BeA11,8.3819998e-04
270,br0270~BeA11,8.3819998e-04
271,br0271~BeA11,8.3819998e-04
272,br0272~BeA11,8.3819998e-04
273,br0273~BeA11,8.3819998e-04
274,br0274~BeA11,8.3819998e-04
275,br0275~BeA11,8.3819998e-04
276,br0276~BeA11,8.3819998e-04
277,br0277~BeA11,8.3819998e-04
278,br0278~BeA11,8.3819998e-04
279,br0279~BeA11,8.3819998e-04
280,br0280~BeA11,8.3819998e-04
281,br0281~BeA11,8.3819998e-04
282,br0282~BeA11,8.3819998e-04
283,br0283~BeA11,8.3819998e-04
284,br0284~BeA11,8.3819998e-04
285,br0285~BeA11,8.3819998e-04
286,br0286~BeA11,8.3819998e-04
287,br0287~BeA11,8.3819998e-04
288,br0288~BeA11,8.3819998e-04
289,br0289~BeA11,8.3819998e-04
290,br0290~BeA11,8.3819998e-04
291,br0291~BeA11,8.3819998e-04
292,br0292~BeA11,8.3819998e-04
293,br0293~BeA11,8.3819998e-04
294,br0294~BeA11,8.3819998e-04
295,br0295~BeA11,8.3819998e-04
296,br0296~BeA11,8.3819998e-04
297,br0297~BeA11,8.3819998e-04
298,br0298~BeA11,8.3819998e-04
299,br0299~BeA11,8.3819998e-04
300,br0300~BeA11,8.3819998e-04
301,br0301~BeA11,8.3819998e-04
302,br0302~BeA11,8.3819998e-04
303,br0303~BeA11,8.3819998e-04
304,br0304~BeA11,8.3819998e-04
305,br0305~BeA11,8.3819998e-04
306,br0306~BeA11,8.3819998e-04
307,br0307~BeA11,8.3819998e-04
308,br0308~BeA11,8.3819998e-04
309,br0309~BeA11,8.3819998e-04
310,br0310~BeA11,8.3819998e-04
311,br0311~BeA11,8.3819998e-04
312,br0312~BeA11,8.3819998e-04
313,br0313~BeA11,8.3819998e-04
314,br0314~BeA11,8.3819998e-04
315,br0315~BeA11,8.3819998e-04
316,br0316~BeA11,8.3819998e-04
317,br0317~BeA11,8.3819998e-04
318,br0318~BeA11,8.3819998e-04
319,br0319~BeA11,8.3819998e-04
320,br0320~BeA11,8.3819998e-04
321,br0321~BeA11,8.3819998e-04
322,br0322~BeA11,8.3819998e-04
323,br0323~BeA11,8.3819998e-04
324,br0324~BeA11,8.3819998e-04
325,br0325~BeA11,8.3819998e-04
326,br0326~BeA11,8.3819998e-04
327,br0327~BeA11,8.3819998e-04
328,br0328~BeA11,8.3819998e-04
329,br0329~BeA11,8.3819998e-04
330,br0330~BeA11,8.3819998e-04
331,br0331~BeA11,8.3819998e-04
332,br0332~BeA11,8.3819998e-04
333,br0333~BeA11,8.3819998e-04
334,br0334~BeA11,8.3819998e-04
335,br0335~BeA11,8.3819998e-04
336,br0336~BeA11,8.3819998e-04
337,br0337~BeA11,8.3819998e-04
338,br0338~BeA11,8.3819998e-04
339,br0339~BeA11,8.3819998e-04
340,br0340~BeA11,8.3819998e-04
341,br0341~BeA11,8.3819998e-04
342,br0342~BeA11,8.3819998e-04
343,br0343~BeA11,8.3819998e-04
344,br0344~BeA11,8.3819998e-04
345,br0345~BeA11,8.3819998e-04
346,br0346~BeA11,8.3819998e-04
347,br0347~BeA11,8.3819998e-04
348,br0348~BeA11,8.3819998e-04
349,br0349~BeA11,8.3819998e-04
350,br0350~BeA11,8.3819998e-04
351,br0351~BeA11,8.3819998e-04
352,br0352~BeA11,8.3819998e-04
353,br0353~BeA11,8.3819998e-04
354,br0354~BeA11,8.3819998e-04
355,br0355~BeA11,8.3819998e-04
356,br0356~BeA11,8.3819998e-04
357,br0357~BeA11,8.3819998e-04
358,br0358~BeA11,8.3819998e-04
359,br0359~BeA11,8.3819998e-04
360,br0360~BeA11,8.3819998e-04
361,br0361~BeA11,8.3819998e-04
362,br0362~BeA11,8.3819998e-04
363,br0363~BeA11,8.3819998e-04
364,br0364~BeA11,8.3819998e-04
365,br0365~BeA11,8.3819998e-04
366,br0366~BeA11,8.3819998e-04
367,br0367~BeA11,8.3819998e-04
368,br0368~BeA11,8.3819998e-04
369,br0369~BeA11,8.3819998e-04
370,br0370~BeA11,8.3819998e-04
371,br0371~BeA11,8.3819998e-04
372,br0372~BeA11,8.3819998e-04
373,br0373~BeA11,8.3819998e-04
374,br0374~BeA11,8.3819998e-04
375,br0375~BeA11,8.3819998e-04
376,br0376~BeA11,8.3819998e-04
377,br0377~BeA11,8.3819998e-04
378,br0378~BeA11,8.3819998e-04
379,br0379~BeA11,8.3819998e-04
380,br0380~BeA11,8.3819998e-04
381,br0381~BeA11,8.3819998e-04
382,br0382~BeA11,8.3819998e-04
383,br0383~BeA11,8.3819998e-04
384,br0384~BeA11,8.3819998e-04
385,br0385~BeA11,8.3819998e-04
386,br0386~BeA11,8.3819998e-04
387,br0387~BeA11,8.3819998e-04
388,br0388~BeA11,8.3819998e-04
389,br0389~BeA11,8.3819998e-04
390,br0390~BeA11,8.3819998e-04
391,br0391~BeA11,8.3819998e-04
392,br0392~BeA11,8.3819998e-04
393,br0393~BeA11,8.3819998e-04
394,br0394~BeA11,8.3819998e-04
395,br0395~BeA11,8.3819998e-04
396,br0396~BeA11,8.3819998e-04
397,br0397~BeA11,8.3819998e-04
398,br0398~BeA11,8.3819998e-04
399,br0399~BeA11,8.3819998e-04
400,br0400~BeA11,8.3819998e-04
401,br0401~BeA11,8.3819998e-04
402,br0402~BeA11,8.3819998e-04
403,br0403~BeA11,8.3819998e-04
404,br0404~BeA11,8.3819998e-04
405,br0405~BeA11,8.3819998e-04
406,br0406~BeA11,8.3819998e-04
407,br0407~BeA11,8.3819998e-04
408,br0408~BeA11,8.3819998e-04
409,br0409~BeA11,8.3819998e-04
410,br0410~BeA11,8.3819998e-04
411,br0411~BeA11,8.3819998e-04
412,br0412~BeA11,8.3819998e-04
413,br0413~BeA11,8.3819998e-04
414,br0414~BeA11,8.3819998e-04
415,br0415~BeA11,8.3819998e-04
416,br0416~BeA11,8.3819998e-04
417,br0417~BeA11,8.3819998e-04
418,br0418~BeA11,8.3819998e-04
419,br0419~BeA11,8.3819998e-04
420,br0420~BeA11,8.3819998e-04
421,br0421~BeA11,8.3819998e-04
422,br0422~BeA11,8.3819998e-04
423,br0423~BeA11,8.3819998e-04
424,br0424~BeA11,8.3819998e-04
425,br0425~BeA11,8.3819998e-04
426,br0426~BeA11,8.3819998e-04
427,br0427~BeA11,8.3819998e-04
428,br0428~BeA11,8.3819998e-04
429,br0429~BeA11,8.3819998e-04
430,br0430~BeA11,8.3819998e-04
431,br0431~BeA11,8.3819998e-04
432,br0432~BeA11,8.3819998e-04
433,br0433~BeA11,8.3819998e-04
434,br0434~BeA11,8.3819998e-04
435,br0435~BeA11,8.3819998e-04
436,br0436~BeA11,8.3819998e-04
437,br0437~BeA11,8.3819998e-04
438,br0438~BeA11,8.3819998e-04
439,br0439~BeA11,8.3819998e-04
440,br0440~BeA11,8.3819998e-04
441,br0441~BeA11,8.3819998e-04
442,br0442~BeA11,8.3819998e-04
443,br0443~BeA11,8.3819998e-04
444,br0444~BeA11,8.3819998e-04
445,br0445~BeA11,8.3819998e-04
446,br0446~BeA11,8.3819998e-04
447,br0447~BeA11,8.3819998e-04
448,br0448~BeA11,8.3819998e-04
449,br0449~BeA11,8.3819998e-04
450,br0450~BeA11,8.3819998e-04
451,br0451~BeA11,8.3819998e-04
452,br0452~BeA11,8.3819998e-04
453,br0453~BeA11,8.3819998e-04
454,br0454~BeA11,8.3819998e-04
455,br0455~BeA11,8.3819998e-04
456,br0456~BeA11,8.3819998e-04
457,br0457~BeA11,8.3819998e-04
458,br0458~BeA11,8.3819998e-04
459,br0459~BeA11,8.3819998e-04
460,br0460~BeA11,8.3819998e-04
461,br0461~BeA11,8.3819998e-04
462,br0462~BeA11,8.3819998e-04
463,br0463~BeA11,8.3819998e-04
464,br0464~BeA11,8.3819998e-04
465,br0465~BeA11,8.3819998e-04
466,br0466~BeA11,8.3819998e-04
467,br0467~BeA11,8.3819998e-04
468,br0468~BeA11,8.3819998e-04
469,br0469~BeA11,8.3819998e-04
470,br0470~BeA11,8.3819998e-04
471,br0471~BeA11,8.3819998e-04
472,br0472~BeA11,8.3819998e-04
473,br0473~BeA11,8.3819998e-04
474,br0474~BeA11,8.3819998e-04
475,br0475~BeA11,8.3819998e-04
476,br0476~BeA11,8.3819998e-04
477,br0477~BeA11,8.3819998e-04
478,br0478~BeA11,8.3819998e-04
479,br0479~BeA11,8.3819998e-04
480,br0480~BeA11,8.3819998e-04
481,br0481~BeA11,8.3819998e-04
482,br0482~BeA11,8.3819998e-04
483,br0483~BeA11,8.3819998e-04
484,br0484~BeA11,8.3819998e-04
485,br0485~BeA11,8.3819998e-04
486,br0486~BeA11,8.3819998e-04
487,br0487~BeA11,8.3819998e-04
488,br0488~BeA11,8.3819998e-04
489,br0489~BeA11,8.3819998e-04
490,br0490~BeA11,8.3819998e-04
491,br0491~BeA11,8.3819998e-04
492,br0492~BeA11,8.3819998e-04
493,br0493~BeA11,8.3819998e-04
494,br0494~BeA11,8.3819998e-04
495,br0495~BeA11,8.3819998e-04
496,br0496~BeA11,8.3819998e-04
497,br0497~BeA11,8.3819998e-04
498,br0498~BeA11,8.3819998e-04
499,br0499~BeA11,8.3819998e-04
500,br0500~BeA11,8.3819998e-04
501,br0501~BeA11,8.3819998e-04
502,br0502~BeA11,8.3819998e-04
503,br0503~BeA11,8.3819998e-04
504,br0504~BeA11,8.3819998e-04
505,br0505~BeA11,8.3819998e-04
506,br0506~BeA11,8.3819998e-04
507,br0507~BeA11,8.3819998e-04
508,br0508~BeA11,8.3819998e-04
509,br0509~BeA11,8.3819998e-04
510,br0510~BeA11,8.3819998e-04
511,br0511~BeA11,8.3819998e-04
512,br0512~BeA11,8.3819998e-04
513,br0513~BeA11,8.3819998e-04
514,br0514~BeA11,8.3819998e-04
515,br0515~BeA11,8.3819998e-04
516,br0516~BeA11,8.3819998e-04
517,br0517~BeA11,8.3819998e-04
518,br0518~BeA11,8.3819998e-04
519,br0519~BeA11,8.3819998e-04
520,br0520~BeA11,8.3819998e-04
521,br0521~BeA11,8.3819998e-04
522,br0522~BeA11,8.3819998e-04
523,br0523~BeA11,8.3819998e-04
524,br0524~BeA11,8.3819998e-04
525,br0525~BeA11,8.3819998e-04
526,br0526~BeA11,8.3819998e-04
527,br0527~BeA11,8.3819998e-04
528,br0528~BeA11,8.3819998e-04
529,br0529~BeA11,8.3819998e-04
530,br0530~BeA11,8.3819998e-04
531,br0531~BeA11,8.3819998e-04
532,br0532~BeA11,8.3819998e-04
533,br0533~BeA11,8.3819998e-04
534,br0534~BeA11,8.3819998e-04
535,br0535~BeA11,8.3819998e-04
536,br0536~BeA11,8.3819998e-04
537,br0537~BeA11,8.3819998e-04
538,br0538~BeA11,8.3819998e-04
539,br0539~BeA11,8.3819998e-04
540,br0540~BeA11,8.3819998e-04
541,br0541~BeA11,8.3819998e-04
542,br0542~BeA11,8.3819998e-04
543,br0543~BeA11,8.3819998e-04
544,br0544~BeA11,8.3819998e-04
545,br0545~BeA11,8.3819998e-04
546,br0546~BeA11,8.3819998e-04
547,br0547~BeA11,8.3819998e-04
548,br0548~BeA11,8.3819998e-04
549,br0549~BeA11,8.3819998e-04
550,br0550~BeA11,8.3819998e-04
551,br0551~BeA11,8.3819998e-04
552,br0552~BeA11,8.3819998e-04
553,br0553~BeA11,8.3819998e-04
554,br0554~BeA11,8.3819998e-04
555,br0555~BeA11,8.3819998e-04
556,br0556~BeA11,8.3819998e-04
557,br0557~BeA11,8.3819998e-04
558,br0558~BeA11,8.3819998e-04
559,br0559~BeA11,8.3819998e-04
560,br0560~BeA11,8.3819998e-04
561,br0561~BeA11,8.3819998e-04
562,br0562~BeA11,8.3819998e-04
563,br0563~BeA11,8.3819998e-04
564,br0564~BeA11,8.3819998e-04
565,br0565~BeA11,8.3819998e-04
566,br0566~BeA11,8.3819998e-04
567,br0567~BeA11,8.3819998e-04
568,br0568~BeA11,8.3819998e-04
569,br0569~BeA11,8.3819998e-04
570,br0570~BeA11,8.3819998e-04
571,br0571~BeA11,8.3819998e-04
572,br0572~BeA11,8.3819998e-04
573,br0573~BeA11,8.3819998e-04
574,br0574~BeA11,8.3819998e-04
575,br0575~BeA11,8.3819998e-04
576,br0576~BeA11,8.3819998e-04
577,br0577~BeA11,8.3819998e-04
578,br0578~BeA11,8.3819998e-04
579,br0579~BeA11,8.3819998e-04
580,br0580~BeA11,8.3819998e-04
581,br0581~BeA11,8.3819998e-04
582,br0582~BeA11,8.3819998e-04
583,br0583~BeA11,8.3819998e-04
584,br0584~BeA11,8.3819998e-04
585,br0585~BeA11,8.3819998e-04
586,br0586~BeA11,8.3819998e-04
587,br0587~BeA11,8.3819998e-04
588,br0588~BeA11,8.3819998e-04
589,br0589~BeA11,8.3819998e-04
590,br0590~BeA11,8.3819998e-04
591,br0591~BeA11,8.3819998e-04
592,br0592~BeA11,8.3819998e-04
593,br0593~BeA11,8.3819998e-04
594,br0594~BeA11,8.3819998e-04
595,br0595~BeA11,8.3819998e-04
596,br0596~BeA11,8.3819998e-04
597,br0597~BeA11,8.3819998e-04
598,br0598~BeA11,8.3819998e-04
599,br0599~BeA11,8.3819998e-04
600,br0600~BeA11,8.3819998e-04
601,br0601~BeA11,8.3819998e-04
602,br0602~BeA11,8.3819998e-04
603,br0603~BeA11,8.3819998e-04
604,br0604~BeA11,8.3819998e-04
605,br0605~BeA11,8.3819998e-04
606,br0606~BeA11,8.3819998e-04
607,br0607~BeA11,8.3819998e-04
608,br0608~BeA11,8.3819998e-04
609,br0609~BeA11,8.3819998e-04
610,br0610~BeA11,8.3819998e-04
611,br0611~BeA11,8.3819998e-04
612,br0612~BeA11,8.3819998e-04
613,br0613~BeA11,8.3819998e-04
614,br0614~BeA11,8.3819998e-04
615,br0615~BeA11,8.3819998e-04
616,br0616~BeA11,8.3819998e-04
617,br0617~BeA11,8.3819998e-04
618,br0618~BeA11,8.3819998e-04
619,br0619~BeA11,8.3819998e-04
620,br0620~BeA11,8.3819998e-04
621,br0621~BeA11,8.3819998e-04
622,br0622~BeA11,8.3819998e-04
623,br0623~BeA11,8.3819998e-04
624,br0624~BeA11,8.3819998e-04
625,br0625~BeA11,8.3819998e-04
626,br0626~BeA11,8.3819998e-04
627,br0627~BeA11,8.3819998e-04
628,br0628~BeA11,8.3819998e-04
629,br0629~BeA11,8.3819998e-04
630,br0630~BeA11,8.3819998e-04
631,br0631~BeA11,8.3819998e-04
632,br0632~BeA11,8.3819998e-04
633,br0633~BeA11,8.3819998e-04
634,br0634~BeA11,8.3819998e-04
635,br0635~BeA11,8.3819998e-04
636,br0636~BeA11,8.3819998e-04
637,br0637~BeA11,8.3819998e-04
638,br0638~BeA11,8.3819998e-04
639,br0639~BeA11,8.3819998e-04
640,br0640~BeA11,8.3819998e-04
641,br0641~BeA11,8.3819998e-04
642,br0642~BeA11,8.3819998e-04
643,br0643~BeA11,8.3819998e-04
644,br0644~BeA11,8.3819998e-04
645,br0645~BeA11,8.3819998e-04
646,br0646~BeA11,8.3819998e-04
647,br0647~BeA11,8.3819998e-04
648,br0648~BeA11,8.3819998e-04
649,br0649~BeA11,8.3819998e-04
650,br0650~BeA11,8.3819998e-04
651,br0651~BeA11,8.3819998e-04
652,br0652~BeA11,8.3819998e-04
653,br0653~BeA11,8.3819998e-04
654,br0654~BeA11,8.3819998e-04
655,br0655~BeA11,8.3819998e-04
656,br0656~BeA11,8.3819998e-04
657,br0657~BeA11,8.3819998e-04
658,br0658~BeA11,8.3819998e-04
659,br0659~BeA11,8.3819998e-04
660,br0660~BeA11,8.3819998e-04
661,br0661~BeA11,8.3819998e-04
662,br0662~BeA11,8.3819998e-04
663,br0663~BeA11,8.3819998e-04
664,br0664~BeA11,8.3819998e-04
665,br0665~BeA11,8.3819998e-04
666,br0666~BeA11,8.3819998e-04
667,br0667~BeA11,8.3819998e-04
668,br0668~BeA11,8.3819998e-04
669,br0669~BeA11,8.3819998e-04
670,br0670~BeA11,8.3819998e-04
671,br0671~BeA11,8.3819998e-04
672,br0672~BeA11,8.3819998e-04
673,br0673~BeA11,8.3819998e-04
674,br0674~BeA11,8.3819998e-04
675,br0675~BeA11,8.3819998e-04
676,br0676~BeA11,8.3819998e-04
677,br0677~BeA11,8.3819998e-04
678,br0678~BeA11,8.3819998e-04
679,br0679~BeA11,8.3819998e-04
680,br0680~BeA11,8.3819998e-04
681,br0681~BeA11,8.3819998e-04
682,br0682~BeA11,8.3819998e-04
683,br0683~BeA11,8.3819998e-04
684,br0684~BeA11,8.3819998e-04
685,br0685~BeA11,8.3819998e-04
686,br0686~BeA11,8.3819998e-04
687,br0687~BeA11,8.3819998e-04
688,br0688~BeA11,8.3819998e-04
689,br0689~BeA11,8.3819998e-04
690,br0690~BeA11,8.3819998e-04
691,br0691~BeA11,8.3819998e-04
692,br0692~BeA11,8.3819998e-04
693,br0693~BeA11,8.3819998e-04
694,br0694~BeA11,8.3819998e-04
695,br0695~BeA11,8.3819998e-04
696,br0696~BeA11,8.3819998e-04
697,br0697~BeA11,8.3819998e-04
698,br0698~BeA11,8.3819998e-04
699,br0699~BeA11,8.3819998e-04
700,br0700~BeA11,8.3819998e-04
701,br0701~BeA11,8.3819998e-04
702,br0702~BeA11,8.3819998e-04
703,br0703~BeA11,8.3819998e-04
704,br0704~BeA11,8.3819998e-04
705,br0705~BeA11,8.3819998e-04
706,br0706~BeA11,8.3819998e-04
707,br0707~BeA11,8.3819998e-04
708,br0708~BeA11,8.3819998e-04
709,br0709~BeA11,8.3819998e-04
710,br0710~BeA11,8.3819998e-04
711,br0711~BeA11,8.3819998e-04
712,br0712~BeA11,8.3819998e-04
713,br0713~BeA11,8.3819998e-04
714,br0714~BeA11,8.3819998e-04
715,br0715~BeA11,8.3819998e-04
716,br0716~BeA11,8.3819998e-04
717,br0717~BeA11,8.3819998e-04
718,br0718~BeA11,8.3819998e-04
719,br0719~BeA11,8.3819998e-04
720,br0720~BeA11,8.3819998e-04
721,br0721~BeA11,8.3819998e-04
722,br0722~BeA11,8.3819998e-04
723,br0723~BeA11,8.3819998e-04
724,br0724~BeA11,8.3819998e-04
725,br0725~BeA11,8.3819998e-04
726,br0726~BeA11,8.3819998e-04
727,br0727~BeA11,8.3819998e-04
728,br0728~BeA11,8.3819998e-04
729,br0729~BeA11,8.3819998e-04
730,br0730~BeA11,8.3819998e-04
731,br0731~BeA11,8.3819998e-04
732,br0732~BeA11,8.3819998e-04
733,br0733~BeA11,8.3819998e-04
734,br0734~BeA11,8.3819998e-04
735,br0735~BeA11,8.3819998e-04
736,br0736~BeA11,8.3819998e-04
737,br0737~BeA11,8.3819998e-04
738,br0738~BeA11,8.3819998e-04
739,br0739~BeA11,8.3819998e-04
740,br0740~BeA11,8.3819998e-04
741,br0741~BeA11,8.3819998e-04
742,br0742~BeA11,8.3819998e-04
743,br0743~BeA11,8.3819998e-04
744,br0744~BeA11,8.3819998e-04
745,br0745~BeA11,8.3819998e-04
746,br0746~BeA11,8.3819998e-04
747,br0747~BeA11,8.3819998e-04
748,br0748~BeA11,8.3819998e-04
749,br0749~BeA11,8.3819998e-04
750,br0750~BeA11,8.3819998e-04
751,br0751~BeA11,8.3819998e-04
752,br0752~BeA11,8.3819998e-04
753,br0753~BeA11,8.3819998e-04
754,br0754~BeA11,8.3819998e-04
755,br0755~BeA11,8.3819998e-04
756,br0756~BeA11,8.3819998e-04
757,br0757~BeA11,8.3819998e-04
758,br0758~BeA11,8.3819998e-04
759,br0759~BeA11,8.3819998e-04
760,br0760~BeA11,8.3819998e-04
761,br0761~BeA11,8.3819998e-04
762,br0762~BeA11,8.3819998e-04
763,br0763~BeA11,8.3819998e-04
764,br0764~BeA11,8.3819998e-04
765,br0765~BeA11,8.3819998e-04
766,br0766~BeA11,8.3819998e-04
767,br0767~BeA11,8.3819998e-04
768,br0768~BeA11,8.3819998e-04
769,br0769~BeA11,8.3819998e-04
770,br0770~BeA11,8.3819998e-04
771,br0771~BeA11,8.3819998e-04
772,br0772~BeA11,8.3819998e-04
773,br0773~BeA11,8.3819998e-04
774,br0774~BeA11,8.3819998e-04
775,br0775~BeA11,8.3819998e-04
776,br0776~BeA11,8.3819998e-04
777,br0777~BeA11,8.3819998e-04
778,br0778~BeA11,8.3819998e-04
779,br0779~BeA11,8.3819998e-04
780,br0780~BeA11,8.3819998e-04
781,br0781~BeA11,8.3819998e-04
782,br0782~BeA11,8.3819998e-04
783,br0783~BeA11,8.3819998e-04
784,br0784~BeA11,8.3819998e-04
785,br0785~BeA11,8.3819998e-04
786,br0786~BeA11,8.3819998e-04
787,br0787~BeA11,8.3819998e-04
788,br0788~BeA11,8.3819998e-04
789,br0789~BeA11,8.3819998e-04
790,br0790~BeA11,8.3819998e-04
791,br0791~BeA11,8.3819998e-04
792,br0792~BeA11,8.3819998e-04
793,br0793~BeA11,8.3819998e-04
794,br0794~BeA11,8.3819998e-04
795,br0795~BeA11,8.3819998e-04
796,br0796~BeA11,8.3819998e-04
797,br0797~BeA11,8.3819998e-04
798,br0798~BeA11,8.3819998e-04
799,br0799~BeA11,8.3819998e-04
800,br0800~BeA11,8.3819998e-04
801,br0801~BeA11,8.3819998e-04
802,br0802~BeA11,8.3819998e-04
803,br0803~BeA11,8.3819998e-04
804,br0804~BeA11,8.3819998e-04
805,br0805~BeA11,8.3819998e-04
806,br0806~BeA11,8.3819998e-04
807,br0807~BeA11,8.3819998e-04
808,br0808~BeA11,8.3819998e-04
809,br0809~BeA11,8.3819998e-04
810,br0810~BeA11,8.3819998e-04
811,br0811~BeA11,8.3819998e-04
812,br0812~BeA11,8.3819998e-04
813,br0813~BeA11,8.3819998e-04
814,br0814~BeA11,8.3819998e-04
815,br0815~BeA11,8.3819998e-04
816,br0816~BeA11,8.3819998e-04
817,br0817~BeA11,8.3819998e-04
818,br0818~BeA11,8.3819998e-04
819,br0819~BeA11,8.3819998e-04
820,br0820~BeA11,8.3819998e-04
821,br0821~BeA11,8.3819998e-04
822,br0822~BeA11,8.3819998e-04
823,br0823~BeA11,8.3819998e-04
824,br0824~BeA11,8.3819998e-04
825,br0825~BeA11,8.3819998e-04
826,br0826~BeA11,8.3819998e-04
827,br0827~BeA11,8.3819998e-04
828,br0828~BeA11,8.3819998e-04
829,br0829~BeA11,8.3819998e-04
830,br0830~BeA11,8.3819998e-04
831,br0831~BeA11,8.3819998e-04
832,br0832~BeA11,8.3819998e-04
833,br0833~BeA11,8.3819998e-04
834,br0834~BeA11,8.3819998e-04
835,br0835~BeA11,8.3819998e-04
836,br0836~BeA11,8.3819998e-04
837,br0837~BeA11,8.3819998e-04
838,br0838~BeA11,8.3819998e-04
839,br0839~BeA11,8.3819998e-04
840,br0840~BeA11,8.3819998e-04
841,br0841~BeA11,8.3819998e-04
842,br0842~BeA11,8.3819998e-04
843,br0843~BeA11,8.3819998e-04
844,br0844~BeA11,8.3819998e-04
845,br0845~BeA11,8.3819998e-04
846,br0846~BeA11,8.3819998e-04
847,br0847~BeA11,8.3819998e-04
848,br0848~BeA11,8.3819998e-04
849,br0849~BeA11,8.3819998e-04
850,br0850~BeA11,8.3819998e-04
851,br0851~BeA11,8.3819998e-04
852,br0852~BeA11,8.3819998e-04
853,br0853~BeA11,8.3819998e-04
854,br0854~BeA11,8.3819998e-04
855,br0855~BeA11,8.3819998e-04
856,br0856~BeA11,8.3819998e-04
857,br0857~BeA11,8.3819998e-04
858,br0858~BeA11,8.3819998e-04
859,br0859~BeA11,8.3819998e-04
860,br0860~BeA11,8.3819998e-04
861,br0861~BeA11,8.3819998e-04
862,br0862~BeA11,8.3819998e-04
863,br0863~BeA11,8.3819998e-04
864,br0864~BeA11,8.3819998e-04
865,br0865~BeA11,8.3819998e-04
866,br0866~BeA11,8.3819998e-04
867,br0867~BeA11,8.3819998e-04
868,br0868~BeA11,8.3819998e-04
869,br0869~BeA11,8.3819998e-04
870,br0870~BeA11,8.3819998e-04
871,br0871~BeA11,8.3819998e-04
872,br0872~BeA11,8.3819998e-04
873,br0873~BeA11,8.3819998e-04
874,br0874~BeA11,8.3819998e-04
875,br0875~BeA11,8.3819998e-04
876,br0876~BeA11,8.3819998e-04
877,br0877~BeA11,8.3819998e-04
878,br0878~BeA11,8.3819998e-04
879,br0879~BeA11,8.3819998e-04
880,br0880~BeA11,8.3819998e-04
881,br0881~BeA11,8.3819998e-04
882,br0882~BeA11,8.3819998e-04
883,br0883~BeA11,8.3819998e-04
884,br0884~BeA11,8.3819998e-04
885,br0885~BeA11,8.3819998e-04
886,br0886~BeA11,8.3819998e-04
887,br0887~BeA11,8.3819998e-04
888,br0888~BeA11,8.3819998e-04
889,br0889~BeA11,8.3819998e-04
890,br0890~BeA11,8.3819998e-04
891,br0891~BeA11,8.3819998e-04
892,br0892~BeA11,8.3819998e-04
893,br0893~BeA11,8.3819998e-04
894,br0894~BeA11,8.3819998e-04
895,br0895~BeA11,8.3819998e-04
896,br0896~BeA11,8.3819998e-04
897,br0897~BeA11,8.3819998e-04
898,br0898~BeA11,8.3819998e-04
899,br0899~BeA11,8.3819998e-04
900,br0900~BeA11,8.3819998e-04
901,br0901~BeA11,8.3819998e-04
902,br0902~BeA11,8.3819998e-04
903,br0903~BeA11,8.3819998e-04
904,br0904~BeA11,8.3819998e-04
905,br0905~BeA11,8.3819998e-04
906,br0906~BeA11,8.3819998e-04
907,br0907~BeA11,8.3819998e-04
908,br0908~BeA11,8.3819998e-04
909,br0909~BeA11,8.3819998e-04
910,br0910~BeA11,8.3819998e-04
911,br0911~BeA11,8.3819998e-04
912,br0912~BeA11,8.3819998e-04
913,br0913~BeA11,8.3819998e-04
914,br0914~BeA11,8.3819998e-04
915,br0915~BeA11,8.3819998e-04
916,br0916~BeA11,8.3819998e-04
917,br0917~BeA11,8.3819998e-04
918,br0918~BeA11,8.3819998e-04
919,br0919~BeA11,8.3819998e-04
920,br0920~BeA11,8.3819998e-04
921,br0921~BeA11,8.3819998e-04
922,br0922~BeA11,8.3819998e-04
923,br0923~BeA11,8.3819998e-04
924,br0924~BeA11,8.3819998e-04
925,br0925~BeA11,8.3819998e-04
926,br0926~BeA11,8.3819998e-04
927,br0927~BeA11,8.3819998e-04
928,br0928~BeA11,8.3819998e-04
929,br0929~BeA11,8.3819998e-04
930,br0930~BeA11,8.3819998e-04
931,br0931~BeA11,8.3819998e-04
932,br0932~BeA11,8.3819998e-04
933,br0933~BeA11,8.3819998e-04
934,br0934~BeA11,8.3819998e-04
935,br0935~BeA11,8.3819998e-04
936,br0936~BeA11,8.3819998e-04
937,br0937~BeA11,8.3819998e-04
938,br0938~BeA11,8.3819998e-04
939,br0939~BeA11,8.3819998e-04
940,br0940~BeA11,8.3819998e-04
941,br0941~BeA11,8.3819998e-04
942,br0942~BeA11,8.3819998e-04
943,br0943~BeA11,8.3819998e-04
944,br0944~BeA11,8.3819998e-04
945,br0945~BeA11,8.3819998e-04
946,br0946~BeA11,8.3819998e-04
947,br0947~BeA11,8.3819998e-04
948,br0948~BeA11,8.3819998e-04
949,br0949~BeA11,8.3819998e-04
950,br0950~BeA11,8.3819998e-04
951,br0951~BeA11,8.3819998e-04
952,br0952~BeA11,8.3819998e-04
953,br0953~BeA11,8.3819998e-04
954,br0954~BeA11,8.3819998e-04
955,br0955~BeA11,8.3819998e-04
956,br0956~BeA11,8.3819998e-04
957,br0957~BeA11,8.3819998e-04
958,br0958~BeA11,8.3819998e-04
959,br0959~BeA11,8.3819998e-04
960,br0960~BeA11,8.3819998e-04
961,br0961~BeA11,8.3819998e-04
962,br0962~BeA11,8.3819998e-04
963,br0963~BeA11,8.3819998e-04
964,br0964~BeA11,8.3819998e-04
965,br0965~BeA11,8.3819998e-04
966,br0966~BeA11,8.3819998e-04
967,br0967~BeA11,8.3819998e-04
968,br0968~BeA11,8.3819998e-04
969,br0969~BeA11,8.3819998e-04
970,br0970~BeA11,8.3819998e-04
971,br0971~BeA11,8.3819998e-04
972,br0972~BeA11,8.3819998e-04
973,br0973~BeA11,8.3819998e-04
974,br0974~BeA11,8.3819998e-04
975,br0975~BeA11,8.3819998e-04
976,br0976~BeA11,8.3819998e-04
977,br0977~BeA11,8.3819998e-04
978,br0978~BeA11,8.3819998e-04
979,br0979~BeA11,8.3819998e-04
980,br0980~BeA11,8.3819998e-04
981,br0981~BeA11,8.3819998e-04
982,br0982~BeA11,8.3819998e-04
983,br0983~BeA11,8.3819998e-04
984,br0984~BeA11,8.3819998e-04
985,br0985~BeA11,8.3819998e-04
986,br0986~BeA11,8.3819998e-04
987,br0987~BeA11,8.3819998e-04
988,br0988~BeA11,8.3819998e-04
989,br0989~BeA11,8.3819998e-04
990,br0990~BeA11,8.3819998e-04
991,br0991~BeA11,8.3819998e-04
992,br0992~BeA11,8.3819998e-04
993,br0993~BeA11,8.3819998e-04
994,br0994~BeA11,8.3819998e-04
995,br0995~BeA11,8.3819998e-04
996,br0996~BeA11,8.3819998e-04
997,br0997~BeA11,8.3819998e-04
998,br0998~BeA11,8.3819998e-04
999,br0999~BeA11,8.3819998e-04
1000,br1000~BeA11,8.3819998e-04
1001,br1001~BeA11,8.3819998e-04
1002,br1002~BeA11,8.3819998e-04
1003,br1003~BeA11,8.3819998e-04
1004,br1004~BeA11,8.3819998e-04
1005,br1005~BeA11,8.3819998e-04
1006,br1006~BeA11,8.3819998e-04
1007,br1007~BeA11,8.3819998e-04
1008,br1008~BeA11,8.3819998e-04
1009,br1009~BeA11,8.3819998e-04
1010,br1010~BeA11,8.3819998e-04
1011,br1011~BeA11,8.3819998e-04
1012,br1012~BeA11,8.3819998e-04
1013,br1013~BeA11,8.3819998e-04
1014,br1014~BeA11,8.3819998e-04
1015,br1015~BeA11,8.3819998e-04
1016,br1016~BeA11,8.3819998e-04
1017,br1017~BeA11,8.3819998e-04
1018,br1018~BeA11,8.3819998e-04
1019,br1019~BeA11,8.3819998e-04
1020,br1020~BeA11,8.3819998e-04
1021,br1021~BeA11,8.3819998e-04
1022,br1022~BeA11,8.3819998e-04
1023,br1023~BeA11,8.3819998e-04
1024,br1024~BeA11,8.3819998e-04
1025,br1025~BeA11,8.3819998e-04
1026,br1026~BeA11,8.3819998e-04
1027,br1027~BeA11,8.3819998e-04
1028,br1028~BeA11,8.3819998e-04
1029,br1029~BeA11,8.3819998e-04
1030,br1030~BeA11,8.3819998e-04
1031,br1031~BeA11,8.3819998e-04
1032,br1032~BeA11,8.3819998e-04
1033,br1033~BeA11,8.3819998e-04
1034,br1034~BeA11,8.3819998e-04
1035,br1035~BeA11,8.3819998e-04
1036,br1036~BeA11,8.3819998e-04
1037,br1037~BeA11,8.3819998e-04
1038,br1038~BeA11,8.3819998e-04
1039,br1039~BeA11,8.3819998e-04
1040,br1040~BeA11,8.3819998e-04
1041,br1041~BeA11,8.3819998e-04
1042,br1042~BeA11,8.3819998e-04
1043,br1043~BeA11,8.3819998e-04
1044,br1044~BeA11,8.3819998e-04
1045,br1045~BeA11,8.3819998e-04
1046,br1046~BeA11,8.3819998e-04
1047,br1047~BeA11,8.3819998e-04
1048,br1048~BeA11,8.3819998e-04
1049,br1049~BeA11,8.3819998e-04
1050,br1050~BeA11,8.3819998e-04
1051,br1051~BeA11,8.3819998e-04
1052,br1052~BeA11,8.3819998e-04
1053,br1053~BeA11,8.3819998e-04
1054,br1054~BeA11,8.3819998e-04
1055,br1055~BeA11,8.3819998e-04
1056,br1056~BeA11,8.3819998e-04
1057,br1057~BeA11,8.3819998e-04
1058,br1058~BeA11,8.3819998e-04
1059,br1059~BeA11,8.3819998e-04
1060,br1060~BeA11,8.3819998e-04
1061,br1061~BeA11,8.3819998e-04
1062,br1062~BeA11,8.3819998e-04
1063,br1063~BeA11,8.3819998e-04
1064,br1064~BeA11,8.3819998e-04
1065,br1065~BeA11,8.3819998e-04
1066,br1066~BeA11,8.3819998e-04
1067,br1067~BeA11,8.3819998e-04
1068,br1068~BeA11,8.3819998e-04
1069,br1069~BeA11,8.3819998e-04
1070,br1070~BeA11,8.3819998e-04
1071,br1071~BeA11,8.3819998e-04
1072,br1072~BeA11,8.3819998e-04
1073,br1073~BeA11,8.3819998e-04
1074,br1074~BeA11,8.3819998e-04
1075,br1075~BeA11,8.3819998e-04
1076,br1076~BeA11,8.3819998e-04
1077,br1077~BeA11,8.3819998e-04
1078,br1078~BeA11,8.3819998e-04
1079,br1079~BeA11,8.3819998e-04
1080,br1080~BeA11,8.3819998e-04
1081,br1081~BeA11,8.3819998e-04
1082,br1082~BeA11,8.3819998e-04
1083,br1083~BeA11,8.3819998e-04
1084,br1084~BeA11,8.3819998e-04
1085,br1085~BeA11,8.3819998e-04
1086,br1086~BeA11,8.3819998e-04
1087,br1087~BeA11,8.3819998e-04
1088,br1088~BeA11,8.3819998e-04
1089,br1089~BeA11,8.3819998e-04
1090,br1090~BeA11,8.3819998e-04
1091,br1091~BeA11,8.3819998e-04
1092,br1092~BeA11,8.3819998e-04
1093,br1093~BeA11,8.3819998e-04
1094,br1094~BeA11,8.3819998e-04
1095,br1095~BeA11,8.3819998e-04
1096,br1096~BeA11,8.3819998e-04
1097,br1097~BeA11,8.3819998e-04
1098,br1098~BeA11,8.3819998e-04
1099,br1099~BeA11,8.3819998e-04
1100,br1100~BeA11,8.3819998e-04
1101,br1101~BeA11,8.3819998e-04
1102,br1102~BeA11,8.3819998e-04
1103,br1103~BeA11,8.3819998e-04
1104,br1104~BeA11,8.3819998e-04
1105,br1105~BeA11,8.3819998e-04
1106,br1106~BeA11,8.3819998e-04
1107,br1107~BeA11,8.3819998e-04
1108,br1108~BeA11,8.3819998e-04
1109,br1109~BeA11,8.3819998e-04
1110,br1110~BeA11,8.3819998e-04
1111,br1111~BeA11,8.3819998e-04
1112,br1112~BeA11,8.3819998e-04
1113,br1113~BeA11,8.3819998e-04
1114,br1114~BeA11,8.3819998e-04
1115,br1115~BeA11,8.3819998e-04
1116,br1116~BeA11,8.3819998e-04
1117,br1117~BeA11,8.3819998e-04
1118,br1118~BeA11,8.3819998e-04
1119,br1119~BeA11,8.3819998e-04
1120,br1120~BeA11,8.3819998e-04
1121,br1121~BeA11,8.3819998e-04
1122,br1122~BeA11,8.3819998e-04
1123,br1123~BeA11,8.3819998e-04
1124,br1124~BeA11,8.3819998e-04
1125,br1125~BeA11,8.3819998e-04
1126,br1126~BeA11,8.3819998e-04
1127,br1127~BeA11,8.3819998e-04
1128,br1128~BeA11,8.3819998e-04
1129,br1129~BeA11,8.3819998e-04
1130,br1130~BeA11,8.3819998e-04
1131,br1131~BeA11,8.3819998e-04
1132,br1132~BeA11,8.3819998e-04
1133,br1133~BeA11,8.3819998e-04
1134,br1134~BeA11,8.3819998e-04
1135,br1135~BeA11,8.3819998e-04
1136,br1136~BeA11,8.3819998e-04
1137,br1137~BeA11,8.3819998e-04
1138,br1138~BeA11,8.3819998e-04
1139,br1139~BeA11,8.3819998e-04
1140,br1140~BeA11,8.3819998e-04
1141,br1141~BeA11,8.3819998e-04
1142,br1142~BeA11,8.3819998e-04
1143,br1143~BeA11,8.3819998e-04
1144,br1144~BeA11,8.3819998e-04
1145,br1145~BeA11,8.3819998e-04
1146,br1146~BeA11,8.3819998e-04
1147,br1147~BeA11,8.3819998e-04
1148,br1148~BeA11,8.3819998e-04
1149,br1149~BeA11,8.3819998e-04
1150,br1150~BeA11,8.3819998e-04
1151,br1151~BeA11,8.3819998e-04
1152,br1152~BeA11,8.3819998e-04
1153,br1153~BeA11,8.3819998e-04
1154,br1154~BeA11,8.3819998e-04
1155,br1155~BeA11,8.3819998e-04
1156,br1156~BeA11,8.3819998e-04
1157,br1157~BeA11,8.3819998e-04
1158,br1158~BeA11,8.3819998e-04
1159,br1159~BeA11,8.3819998e-04
1160,br1160~BeA11,8.3819998e-04
1161,br1161~BeA11,8.3819998e-04
1162,br1162~BeA11,8.3819998e-04
1163,br1163~BeA11,8.3819998e-04
1164,br1164~BeA11,8.3819998e-04
1165,br1165~BeA11,8.3819998e-04
1166,br1166~BeA11,8.3819998e-04
1167,br1167~BeA11,8.3819998e-04
1168,br1168~BeA11,8.3819998e-04
1169,br1169~BeA11,8.3819998e-04
1170,br1170~BeA11,8.3819998e-04
1171,br1171~BeA11,8.3819998e-04
1172,br1172~BeA11,8.3819998e-04
1173,br1173~BeA11,8.3819998e-04
1174,br1174~BeA11,8.3819998e-04
1175,br1175~BeA11,8.3819998e-04
1176,br1176~BeA11,8.3819998e-04
1177,br1177~BeA11,8.3819998e-04
1178,br1178~BeA11,8.3819998e-04
1179,br1179~BeA11,8.3819998e-04
1180,br1180~BeA11,8.3819998e-04
1181,br1181~BeA11,8.3819998e-04
1182,br1182~BeA11,8.3819998e-04
1183,br1183~BeA11,8.3819998e-04
1184,br1184~BeA11,8.3819998e-04
1185,br1185~BeA11,8.3819998e-04
1186,br1186~BeA11,8.3819998e-04
1187,br1187~BeA11,8.3819998e-04
1188,br1188~BeA11,8.3819998e-04
1189,br1189~BeA11,8.3819998e-04
1190,br1190~BeA11,8.3819998e-04
1191,br1191~BeA11,8.3819998e-04
1192,br1192~BeA11,8.6560001e-04
